Recording ID,ISRC,Track Title,Release Date,Pline,Cline,Duration,Preview Link,Apple Link,Apple Composer,Available Stores,YouTube URL
6007429,USA370359383,Fly Away,2004-04-23,2000 Jordantown Records,℗ 2000 Jordantown Records,270640,https://audio-ssl.itunes.apple.com/itunes-assets/Music/f1/49/11/mzm.ubqpsnbs.aac.p.m4a,https://music.apple.com/album/fly-away/6007447?i=6007429&uo=5,,youtube; spotify; amazonmusic; melodyvr; gtl; applemusic; tidal; livexlive,https://www.youtube.com/watch?v=A608889120915584; https://www.youtube.com/watch?v=hFxzKgru2Lk
1292591052,ITR551413784,Homenaje (for Guitar and Piano),2017-10-04,2014 SINFONICA,℗ 2014 SINFONICA,582120,https://audio-ssl.itunes.apple.com/itunes-assets/AudioPreview128/v4/9b/75/29/9b7529a6-3aa7-3044-fa45-6d8ab95714af/mzaf_1552960316684072151.plus.aac.p.m4a,https://music.apple.com/album/homenaje-for-guitar-and-piano/1292590150?i=1292591052&uo=5,,applemusic; pandora; spotify; iheartradio; melodyvr; deezer; qobuz; tidal; googleplay; amazonmusic,
1554411628,TCJPN2195952,ASMR - 双子のバトルSな妹 VS ヤンデレ妹のお兄ちゃんへの耳かき対決!_pt14 (feat. グミキャンディーASMR),2021-02-19,,℗ 2021 ALL BGM CHANNEL,86293,https://audio-ssl.itunes.apple.com/itunes-assets/AudioPreview124/v4/02/fe/5d/02fe5dae-c0a1-e8ca-adb5-0298a172b98a/mzaf_13740401218770721251.plus.aac.p.m4a,https://music.apple.com/album/asmr-%E5%8F%8C%E5%AD%90%E3%81%AE%E3%83%90%E3%83%88%E3%83%ABs%E3%81%AA%E5%A6%B9-vs-%E3%83%A4%E3%83%B3%E3%83%87%E3%83%AC%E5%A6%B9%E3%81%AE%E3%81%8A%E5%85%84%E3%81%A1%E3%82%83%E3%82%93%E3%81%B8%E3%81%AE%E8%80%B3%E3%81%8B%E3%81%8D%E5%AF%BE%E6%B1%BA-pt14-feat-%E3%82%B0%E3%83%9F%E3%82%AD%E3%83%A3%E3%83%B3%E3%83%87%E3%82%A3%E3%83%BCasmr/1554411219?i=1554411628&uo=5,,applemusic; amazonmusic,
307422129,GBRDV0900095,This Is Crisis,2009-03-05,2009 A Wolf At Your Door Records,℗ 2009 A Wolf At Your Door Records,265880,https://audio-ssl.itunes.apple.com/itunes-assets/Music/81/86/92/mzm.gtedvphs.aac.p.m4a,https://music.apple.com/album/this-is-crisis/307422108?i=307422129&uo=5,,amazonmusic; googleplay; qobuz; gtl; spotify; youtube; applemusic; tidal,https://www.youtube.com/watch?v=QXSotEzp1ic
1655446834,QZTB22226831,Moonlight,2022-11-19,2022 2130794 Records DK,℗ 2022 2130794 Records DK,185809,https://audio-ssl.itunes.apple.com/itunes-assets/AudioPreview112/v4/51/00/4a/51004a39-4194-fe2e-17b4-c3324fba7ae7/mzaf_12899341585553095440.plus.aac.p.m4a,https://music.apple.com/album/moonlight/1655446823?i=1655446834&uo=5,,,
1445385841,USQY51450358,Move Mountains,2018-12-03,2014 Cahban Records,℗ 2014 Cahban Records,194010,https://audio-ssl.itunes.apple.com/itunes-assets/AudioPreview115/v4/2b/48/bf/2b48bfb3-bd0c-bb99-93a8-4a497f1576d3/mzaf_17900949439542395309.plus.aac.p.m4a,https://music.apple.com/album/move-mountains/1445385837?i=1445385841&uo=5,,pandora; soundcloud; livexlive; tidal; melodyvr; iheartradio; pacemaker; googleplay; youtube; spotify; deezer; trebel; applemusic; amazonmusic,https://www.youtube.com/watch?v=XOoxx35aFIM
1455333259,USCGJ1917761,Jesus Lover,2019-03-06,2019 Ronald Nard,℗ 2019 Ronald Nard,229813,https://audio-ssl.itunes.apple.com/itunes-assets/AudioPreview124/v4/bd/12/50/bd1250e8-4133-6a5d-3ac6-5ab41862baf7/mzaf_4100017816190817836.plus.aac.p.m4a,https://music.apple.com/album/jesus-lover/1455333243?i=1455333259&uo=5,,melodyvr; pandora; googleplay; applemusic; spotify; youtube; amazonmusic; tidal,https://www.youtube.com/watch?v=A236680717278585; https://www.youtube.com/watch?v=SsFkNMMyB3g
1628767911,NLCK42215680,54 Road,2022-06-09,,℗ 2022 Planet Rhythm,339741,https://audio-ssl.itunes.apple.com/itunes-assets/AudioPreview112/v4/83/5f/fd/835ffde5-32d0-3d86-cfbe-a7f5d25fbe38/mzaf_14727728601745855905.plus.aac.p.m4a,https://music.apple.com/album/54-road/1628767910?i=1628767911&uo=5,,applemusic; spotify; beatport; youtube; soundcloud,https://www.youtube.com/watch?v=W-UYBoX_6C0
286917069,USA560711269,Woohoo!!,2008-08-01,2004 Re:Live,℗ 2004 Re:Live,264867,https://audio-ssl.itunes.apple.com/itunes-assets/Music/26/53/fc/mzm.euwdlaqs.aac.p.m4a,https://music.apple.com/album/woohoo/286916791?i=286917069&uo=5,,youtube; applemusic; amazonmusic; gtl; googleplay; deezer,https://www.youtube.com/watch?v=A766675511473975
1647234556,BEC462217868,Ik Pluk een Ster voor Jou,2022-09-27,2022 D & V,℗ 2022 D & V,"210,427",https://audio-ssl.itunes.apple.com/itunes-assets/AudioPreview122/v4/ef/eb/74/efeb74be-9fb9-376e-113e-7b7ea7b31650/mzaf_6483182481341360852.plus.aac.p.m4a,https://music.apple.com/album/ik-pluk-een-ster-voor-jou/1647234387?i=1647234556&uo=5,,youtube,https://www.youtube.com/watch?v=wCBpiy42pHE
432567161,US5WC1100129,Do the Cheetah Stomp,2011-04-15,2009 Goat-Fi Records,℗ 2009 Goat-Fi Records,126040,https://audio-ssl.itunes.apple.com/itunes-assets/Music7/v4/e9/0b/ad/e90badd2-63d4-73bb-203b-8a12bdd8720d/mzaf_8267432101300203247.plus.aac.p.m4a,https://music.apple.com/album/do-the-cheetah-stomp/432567079?i=432567161&uo=5,,applemusic; spotify; youtube; amazonmusic,https://www.youtube.com/watch?v=A137286715500895
1259948648,ITO101624020,Just Relax (Mindfulness Meditation),2017-07-14,2017 Exam Study Music International,℗ 2017 Exam Study Music International,351000,https://audio-ssl.itunes.apple.com/itunes-assets/AudioPreview128/v4/84/d9/40/84d94026-103b-4023-dd7e-ed315c67f841/mzaf_2074732515393323995.plus.aac.p.m4a,https://music.apple.com/album/just-relax-mindfulness-meditation/1259948621?i=1259948648&uo=5,Giordano Trivellato & Giuliano Sacchetto,applemusic,
1600609543,QZMWW2125578,This Life (feat. Irahy),2021-12-16,,℗ 2021 Champion,179461,https://audio-ssl.itunes.apple.com/itunes-assets/AudioPreview116/v4/0a/61/38/0a6138c8-6ba8-31da-6195-6887d21afd24/mzaf_9774055677373509022.plus.aac.p.m4a,https://music.apple.com/album/this-life-feat-irahy/1600609541?i=1600609543&uo=5,Vibeman,youtube,https://www.youtube.com/watch?v=WculpFatKHw
1597297900,JPN292125952,An Afternoon's Japes,2021-11-25,Eximo Music,℗ Eximo Music,120354,https://audio-ssl.itunes.apple.com/itunes-assets/AudioPreview126/v4/83/49/1d/83491d75-fe8f-9302-10fc-6b76bb927e18/mzaf_6623901080063230742.plus.aac.p.m4a,https://music.apple.com/album/an-afternoons-japes/1597297672?i=1597297900&uo=5,Eximo Blue,applemusic; amazonmusic,
497706617,GBPQM1200561,"Joy, Love and Tears",2012-01-24,1999-A-One Music,℗ 1999-A-One Music,141573,https://audio-ssl.itunes.apple.com/itunes-assets/AudioPreview71/v4/37/10/30/371030c1-dbd0-a9ec-de5a-b6ae2d045835/mzaf_7524513427360904693.plus.aac.p.m4a,https://music.apple.com/album/joy-love-and-tears/497706539?i=497706617&uo=5,,applemusic; spotify,
1674931397,QZWQY2300004,Just a Fool for Love,2023-02-28,2023 IKE HARMON,℗ 2023 IKE HARMON,286253,https://audio-ssl.itunes.apple.com/itunes-assets/AudioPreview126/v4/81/63/56/816356a9-8a51-aac2-9a1f-5f902bc5d595/mzaf_5486547500551851215.plus.aac.p.m4a,https://music.apple.com/album/just-a-fool-for-love/1674931058?i=1674931397&uo=5,,,
1654627037,QZTAZ2214647,Change it Up (Blink!),2022-11-15,2022 Kamari,℗ 2022 Kamari,138242,https://audio-ssl.itunes.apple.com/itunes-assets/AudioPreview112/v4/73/ee/28/73ee2803-5c6c-e898-3595-655d7b4968c4/mzaf_7466123869546500219.plus.aac.p.m4a,https://music.apple.com/album/change-it-up-blink/1654627036?i=1654627037&uo=5,,,
1655043912,AEA2W2219232,Primp,2022-11-17,2022 decreasecomplex,℗ 2022 decreasecomplex,93649,https://audio-ssl.itunes.apple.com/itunes-assets/AudioPreview122/v4/1f/f3/dc/1ff3dc6e-8fcb-3d96-8b0b-b87a480d6ce2/mzaf_2741880657476960668.plus.aac.p.m4a,https://music.apple.com/album/primp/1655043910?i=1655043912&uo=5,,,
1545293116,JPB602097372,Dead end,2020-12-17,(P)Blueberry Soda,℗ Blueberry Soda,269200,https://audio-ssl.itunes.apple.com/itunes-assets/AudioPreview124/v4/22/92/f2/2292f247-e887-85c5-4877-ea878bf4ccf2/mzaf_10909675401969269141.plus.aac.p.m4a,https://music.apple.com/album/dead-end/1545292625?i=1545293116&uo=5,,,
735283219,GB67V1347401,This Little Light of Mine,2013-10-30,2013 Nostalgia Music Catalog,℗ 2013 Nostalgia Music Catalog,199444,https://audio-ssl.itunes.apple.com/itunes-assets/AudioPreview71/v4/c0/ad/22/c0ad2217-2fe9-5ee9-0f59-a463a580629e/mzaf_8557447526663631780.plus.aac.p.m4a,https://music.apple.com/album/this-little-light-of-mine/735283191?i=735283219&uo=5,,,
1615501058,TCJPR2244974,アネモネ,2022-03-22,,℗ 2022 LOHIVE inc.,192316,https://audio-ssl.itunes.apple.com/itunes-assets/AudioPreview112/v4/aa/4c/44/aa4c44ab-9194-aa31-82ad-606a5e5b48d5/mzaf_17240237372786614917.plus.aac.p.m4a,https://music.apple.com/album/%E3%82%A2%E3%83%8D%E3%83%A2%E3%83%8D/1615500813?i=1615501058&uo=5,k-not & Almond,amazonmusic; youtube; spotify; applemusic,https://www.youtube.com/watch?v=wsVwrGm0PLc
1561564780,QZES72131350,Chemin unique,2021-04-05,2021 Varia records,℗ 2021 Varia records,309333,https://audio-ssl.itunes.apple.com/itunes-assets/AudioPreview114/v4/10/e5/81/10e581e6-db32-b22f-aee0-d677e98479a6/mzaf_9466909716749761406.plus.aac.p.m4a,https://music.apple.com/album/chemin-unique/1561564385?i=1561564780&uo=5,,spotify,
1637350632,QZMEP2297742,SMOKING KILLS (feat. Lil KV),2022-07-31,2022 3603850 Records DK,℗ 2022 3603850 Records DK,87429,https://audio-ssl.itunes.apple.com/itunes-assets/AudioPreview122/v4/df/e1/be/dfe1be5a-7a7b-8117-bc61-97a57383013c/mzaf_13687194740643681810.plus.aac.p.m4a,https://music.apple.com/album/smoking-kills-feat-lil-kv/1637350631?i=1637350632&uo=5,,youtube; pandora; amazonmusic,https://www.youtube.com/watch?v=7zXnCx7QA1c
1666652530,US83Z2301607,Drinking Alone in the Moonlight,2023-01-19,2022 M-Sol DEEP,℗ 2022 M-Sol DEEP,362034,https://audio-ssl.itunes.apple.com/itunes-assets/AudioPreview123/v4/e6/c9/20/e6c920bb-7e0c-47d4-8777-a6b268cdd85e/mzaf_9297645739632317688.plus.aac.p.m4a,https://music.apple.com/album/drinking-alone-in-the-moonlight/1666652520?i=1666652530&uo=5,,,
1499121037,TCABW1487591,Whole Life in a Pocket,2020-02-14,2010 The Pollywogs,℗ 2010 The Pollywogs,194403,https://audio-ssl.itunes.apple.com/itunes-assets/AudioPreview124/v4/df/74/47/df744758-fdf5-25d4-efed-c8cb6bb3ff19/mzaf_10785629646453044636.plus.aac.p.m4a,https://music.apple.com/album/whole-life-in-a-pocket/1499120657?i=1499121037&uo=5,Bryan Kessler,amazonmusic; applemusic; deezer; spotify; youtube,https://www.youtube.com/watch?v=9bHW3-6bZqM; https://www.youtube.com/watch?v=A367843689907525
1584946152,QZMEN2151373,Siempre Fue Así,2021-09-08,2021 Blisters Records 2021,℗ 2021 Blisters Records 2021,189480,https://audio-ssl.itunes.apple.com/itunes-assets/AudioPreview115/v4/11/a0/fe/11a0fe06-cb48-d2b8-4253-81cf6e9bfa88/mzaf_14676040068983501610.plus.aac.p.m4a,https://music.apple.com/album/siempre-fue-as%C3%AD/1584946151?i=1584946152&uo=5,Martin Diaz; Bruno Fernandez; Leonardo Di Menza & Álvaro Cecilio,spotify; youtube,https://www.youtube.com/watch?v=Z-7bB0jA6p8; https://www.youtube.com/watch?v=2SNouAOMdjg
300548583,AUDD30801889,Beautiful Italy,2008-12-18,,℗ 2008 Timeless Music Company,157373,https://audio-ssl.itunes.apple.com/itunes-assets/Music/v4/f2/44/d8/f244d8d3-5320-a162-3776-721e82698d6a/mzaf_5498352360136924220.plus.aac.p.m4a,https://music.apple.com/album/beautiful-italy/300548503?i=300548583&uo=5,,applemusic,
1649517654,INE182221818,Raguvar Ke Kario Chuman,2022-10-12,,℗ 2022 Ganga Digital,227640,https://audio-ssl.itunes.apple.com/itunes-assets/AudioPreview122/v4/b1/28/c0/b128c008-ac2a-ebb1-c65a-b378b0fe3212/mzaf_14834094038229724483.plus.aac.p.m4a,https://music.apple.com/album/raguvar-ke-kario-chuman/1649517652?i=1649517654&uo=5,,,
328132005,FR6V80967136,L?Amour Incompris,2009-08-20,2009 Cugate ltd.,℗ 2009 Cugate ltd.,202080,https://audio-ssl.itunes.apple.com/itunes-assets/Music/v4/d7/c3/f7/d7c3f780-f34c-fb77-631d-7d93a2d3d5f4/mzaf_7275799576602256249.plus.aac.p.m4a,https://music.apple.com/album/l-amour-incompris/328131381?i=328132005&uo=5,,,
1210894245,TCACY1714438,The Things I Feel for You,2017-03-01,,℗ 2017 Maceman Entertainment,311013,https://audio-ssl.itunes.apple.com/itunes-assets/AudioPreview111/v4/c8/cb/cb/c8cbcbf9-e284-50aa-798b-a7ab62405035/mzaf_854249635162647471.plus.aac.p.m4a,https://music.apple.com/album/the-things-i-feel-for-you/1210893937?i=1210894245&uo=5,,spotify; youtube,https://www.youtube.com/watch?v=A368882028476445
1083893947,DEE700001773,"A, B, C, D, E, F, G",2016-02-12,2005 BT-Music,℗ 2010 BT-Music,69613,https://audio-ssl.itunes.apple.com/itunes-assets/AudioPreview125/v4/d4/a1/74/d4a174bd-ea1e-87ec-e517-466497ffd31f/mzaf_1593396272806652754.plus.aac.p.m4a,https://music.apple.com/album/a-b-c-d-e-f-g/1083892799?i=1083893947&uo=5,,tidal; applemusic; googleplay; gtl; amazonmusic; youtube; pandora; spotify,https://www.youtube.com/watch?v=bMcG9U6dNN0; https://www.youtube.com/watch?v=KFjSTd7u0jo
1039944087,NLMN21100012,Smooth (feat. Brownie Dutch),2015-09-14,,℗ 2015 Spec entertainment,230060,https://audio-ssl.itunes.apple.com/itunes-assets/AudioPreview115/v4/4d/5a/a9/4d5aa9f1-bc28-2d8e-3bf6-a152882a63c8/mzaf_18309833085120937216.plus.aac.p.m4a,https://music.apple.com/album/smooth-feat-brownie-dutch/1039943919?i=1039944087&uo=5,,youtube; spotify; applemusic,https://www.youtube.com/watch?v=qg7D6UE0XmU
1452252749,GBF079041507,"Introduction, Theme & Variations",2019-02-11,1991 Decca Music Group Limited,℗ 1991 Decca Music Group Limited,379173,https://audio-ssl.itunes.apple.com/itunes-assets/AudioPreview115/v4/40/e3/2c/40e32ce8-0abd-688b-47df-2007140202fb/mzaf_12826046550400733873.plus.aac.p.m4a,https://music.apple.com/album/introduction-theme-variations/1452252723?i=1452252749&uo=5,,gtl; googleplay; primephonic; deezer; amazonmusic; youtube; spotify; tidal; qobuz; midwesttape; pandora; melodyvr; applemusic; idagio,https://www.youtube.com/watch?v=UFBD_6y9Gw
1544214283,QM6DC1864187,Rosendo Lazo,2020-12-10,2018 IMT Records,℗ 2018 IMT Records,204027,https://audio-ssl.itunes.apple.com/itunes-assets/AudioPreview125/v4/63/a3/12/63a3125d-3c47-26e2-893d-4fa92e63b243/mzaf_6377564027962070426.plus.aac.p.m4a,https://music.apple.com/album/rosendo-lazo/1544213941?i=1544214283&uo=5,,spotify; deezer; pandora; melodyvr; trebel; gtl; youtube; securustechnologies; boomplay; googleplay; tidal; applemusic; iheartradio; amazonmusic,https://www.youtube.com/watch?v=O3iPPR8mX1M; https://www.youtube.com/watch?v=A212404732299416; https://www.youtube.com/watch?v=QrWp2C8Jq1I
1536012446,QZMEP2044371,Love Is a Drug (feat. Bem),2020-10-15,2020 Underrated Prodigy,℗ 2020 Underrated Prodigy,194000,https://audio-ssl.itunes.apple.com/itunes-assets/AudioPreview114/v4/55/45/f3/5545f3c4-6de1-f2ca-c884-13a1c5b54b2f/mzaf_15177541222358338796.plus.aac.p.m4a,https://music.apple.com/album/love-is-a-drug-feat-bem/1536012443?i=1536012446&uo=5,Santos Torres,soundcloud; applemusic; youtube; spotify,https://www.youtube.com/watch?v=g5vwXcd6sag
1655965993,QZTB22298336,Shteits Oif,2022-11-22,2022 Suki & Ding Productions,℗ 2022 Suki & Ding Productions,245159,https://audio-ssl.itunes.apple.com/itunes-assets/AudioPreview122/v4/66/f4/aa/66f4aaa2-59a5-96b0-efb4-d98adf3c7b4e/mzaf_14825282241958250050.plus.aac.p.m4a,https://music.apple.com/album/shteits-oif/1655965992?i=1655965993&uo=5,,,
1522358106,QZMEV2051515,Thug Vibe,2020-07-06,,℗ 2020 BFG ent.,174681,https://audio-ssl.itunes.apple.com/itunes-assets/AudioPreview125/v4/e8/a4/23/e8a42344-f6df-3041-a86c-1b03f3b9b901/mzaf_11455013524467706251.plus.aac.p.m4a,https://music.apple.com/album/thug-vibe/1522357857?i=1522358106&uo=5,,googleplay; spotify; iheartradio; melodyvr; amazonmusic; soundcloud; tidal; deezer; youtube; applemusic,https://www.youtube.com/watch?v=s4ChEftWNYE
1241934843,BGA261776112,San Juanitos,2017-05-29,2004 Old vinyl,℗ 2004 Old vinyl,312242,https://audio-ssl.itunes.apple.com/itunes-assets/AudioPreview115/v4/1f/63/14/1f63143d-f88e-b02d-4b32-8a24a3c91923/mzaf_16803962814659720698.plus.aac.p.m4a,https://music.apple.com/album/san-juanitos/1241934641?i=1241934843&uo=5,,tidal; googleplay; applemusic; deezer; youtube; spotify; amazonmusic,https://www.youtube.com/watch?v=A222510225623656; https://www.youtube.com/watch?v=uO2vgRheOEY
1616904368,DEQS92200536,Ich hab euch gesehen,2022-03-30,℗ 2022 Telamo Musik & Unterhaltung GmbH,℗ 2022 Telamo Musik & Unterhaltung GmbH,181819,https://audio-ssl.itunes.apple.com/itunes-assets/AudioPreview112/v4/f7/f7/87/f7f78756-5d58-40f6-850b-080fe4c99efd/mzaf_3530569059420428807.plus.aac.p.m4a,https://music.apple.com/album/ich-hab-euch-gesehen/1616903800?i=1616904368&uo=5,,youtube; spotify; amazonmusic; deezer; soundcloud; melodyvr; applemusic; tidal; pandora,https://www.youtube.com/watch?v=szkBHIINHyI; https://www.youtube.com/watch?v=319clO2Y52w
462039099,USA371401960,Hot Banana,2011-09-01,2011 Master Classics Records,℗ 2011 Master Classics Records,"141,253",https://audio-ssl.itunes.apple.com/itunes-assets/Music/08/29/27/mzm.peqdtccb.aac.p.m4a,https://music.apple.com/album/hot-banana/462039087?i=462039099&uo=5,,tidal; deezer; youtube; amazonmusic; applemusic; spotify; pandora,https://www.youtube.com/watch?v=3PVMD2c4CYE
694144414,GBAYC9003684,"Piano Concerto No. 2 in A Major, S. 125: I. Adagio sostenuto assai",2013-08-26,"1980 Warner Classics, Warner Music UK Ltd Digital remastering (p) 1990 Warner Classics, Warner Music UK Ltd",℗ This compilation  2011 EMI Records Ltd.,307347,https://audio-ssl.itunes.apple.com/itunes-assets/AudioPreview115/v4/bb/c4/40/bbc44075-8e93-cac8-ce79-a8eda9d0793b/mzaf_12890112377217446813.plus.aac.p.m4a,https://music.apple.com/album/piano-concerto-no-2-in-a-major-s-125-i-adagio-sostenuto-assai/694144251?i=694144414&uo=5,Franz Liszt,idagio; applemusic; googleplay; pandora; gtl; midwesttape; spotify; amazonmusic; youtube; qobuz; tidal,https://www.youtube.com/watch?v=UcD4reBr6uU; https://www.youtube.com/watch?v=NdsJ86BKIrw; https://www.youtube.com/watch?v=A422261162123339; https://www.youtube.com/watch?v=brUGxb2nRw; https://www.youtube.com/watch?v=vI3qCsh01Gw; https://www.youtube.com/watch?v=CyOGJioHnNA
1481495353,EGA1K1913150,Ensan Greaa,2019-09-26,2019 Arpu Plus,℗ 2019 Arpu Plus,224562,https://audio-ssl.itunes.apple.com/itunes-assets/AudioPreview115/v4/3b/f4/98/3bf498ba-46f4-1852-4e10-d351dfb6faa8/mzaf_13285320475725347510.plus.aac.p.m4a,https://music.apple.com/album/ensan-greaa/1481495345?i=1481495353&uo=5,,youtube; amazonmusic; applemusic; spotify; iheartradio,https://www.youtube.com/watch?v=S2BNaxzl8eI
1616959300,KEUM77600241,Msichana Wa Elimu,2022-03-30,1976 A.I Records Kenya Limited,"℗ 2022 UMG Recordings, Inc. FP",286718,https://audio-ssl.itunes.apple.com/itunes-assets/AudioPreview112/v4/fc/df/e5/fcdfe563-8e79-6931-1981-5a88a954dd0e/mzaf_5765808134937720201.plus.aac.p.m4a,https://music.apple.com/album/msichana-wa-elimu/1616959016?i=1616959300&uo=5,,amazonmusic; pandora; youtube; spotify; gtl; applemusic,https://www.youtube.com/watch?v=gPvbpDuYuWc; https://www.youtube.com/watch?v=Gn50ts3vzjA; https://www.youtube.com/watch?v=0tS0oqTJqU8; https://www.youtube.com/watch?v=nvLKcSOaJ5g
1517896898,USPR79700910,Oración Caribe,2020-06-10,,℗ 1997 Parcha Records,153200,https://audio-ssl.itunes.apple.com/itunes-assets/AudioPreview126/v4/a3/d1/2e/a3d12e7b-4b3c-7555-4fb1-485d63112903/mzaf_13046987786010458685.plus.aac.p.m4a,https://music.apple.com/album/oraci%C3%B3n-caribe/1517896535?i=1517896898&uo=5,,amazonmusic; youtube; applemusic; gtl,https://www.youtube.com/watch?v=RvvLkAXVSrA
1603807936,AU3VP2200011,Talk,2022-01-07,,℗ 2022 Marc Eight,296000,https://audio-ssl.itunes.apple.com/itunes-assets/AudioPreview116/v4/6e/66/71/6e667198-d582-85bb-3b4f-445d170ca8bf/mzaf_12010358332079679063.plus.aac.p.m4a,https://music.apple.com/album/talk/1603807713?i=1603807936&uo=5,Marc Eight,,
713681129,GRE011100050,Tha 'rtho Apopse Na Se Vro,2013-09-22,2011 The copyright in this sound recording is owned by Minos - EMI SA,℗ 2011 The copyright in this sound recording is owned by Minos - EMI SA,203867,https://audio-ssl.itunes.apple.com/itunes-assets/AudioPreview71/v4/46/35/66/463566a8-f989-30ad-8839-e15b787486be/mzaf_4792361658280927588.plus.aac.p.m4a,https://music.apple.com/album/tha-rtho-apopse-na-se-vro/713680953?i=713681129&uo=5,Adreas Prezas & Vasilis Kapernaros,iheartradio; deezer; youtube; amazonmusic; applemusic; googleplay; tidal; spotify; livexlive; pandora,https://www.youtube.com/watch?v=GtCz3EOuBck
1472073480,USHM21991003,En las Ramas,2019-07-08,2019 Miguel Isaza,℗ 2019 Miguel Isaza,464973,https://audio-ssl.itunes.apple.com/itunes-assets/AudioPreview113/v4/68/84/e1/6884e1f0-72b3-263b-1d94-0c91f81aae6d/mzaf_11542674651252132129.plus.aac.p.m4a,https://music.apple.com/album/en-las-ramas/1472073264?i=1472073480&uo=5,,amazonmusic; youtube,https://www.youtube.com/watch?v=A657848119432044
453156503,GBKQU1149642,Disco Bitch,2011-07-27,2011 Ypslon Rec,℗ 2011 Ypslon Rec,293453,https://audio-ssl.itunes.apple.com/itunes-assets/Music/v4/dd/4a/cf/dd4acfc2-a417-d4cc-be58-3a9e9095da27/mzaf_1103416895016569969.plus.aac.p.m4a,https://music.apple.com/album/disco-bitch/453156485?i=453156503&uo=5,,youtube; gtl; tidal; googleplay; applemusic,https://www.youtube.com/watch?v=A377336357714931; https://www.youtube.com/watch?v=mmjjBlVlQKs; https://www.youtube.com/watch?v=TPWNWaNWnOo
1583938984,FRR642101210,Gelato (feat. Skaya),2021-09-01,,℗ 2021 240.ATL,175038,https://audio-ssl.itunes.apple.com/itunes-assets/AudioPreview125/v4/ac/f8/a3/acf8a3c6-2780-7745-f8d5-a9f6e2ca29f7/mzaf_61483507150600837.plus.aac.p.m4a,https://music.apple.com/album/gelato-feat-skaya/1583938983?i=1583938984&uo=5,Simmi-OHH 485,youtube,https://www.youtube.com/watch?v=JbGrJWJommM
1020229939,ES7731412020,La Senda dels Cinc Germans,2015-07-16,2014 Comboi Records S. L.,℗ 2014 Comboi Records S. L.,322267,https://audio-ssl.itunes.apple.com/itunes-assets/Music5/v4/e0/1d/73/e01d735b-a2b8-35f0-976d-fd95b9a66802/mzaf_7663012477001009070.plus.aac.p.m4a,https://music.apple.com/album/la-senda-dels-cinc-germans/1020229286?i=1020229939&uo=5,,youtube,https://www.youtube.com/watch?v=jKUCnNri9XQ
1600018014,JP92A2106140,ミッドナイトロンリーダンス (セルフカバーver.),2021-12-13,2021 ryuppe,℗ 2021 ryuppe,173196,https://audio-ssl.itunes.apple.com/itunes-assets/AudioPreview116/v4/47/cb/66/47cb66dd-092c-d1fa-d75a-aebbe47cb48d/mzaf_14139707374727843535.plus.aac.p.m4a,https://music.apple.com/album/%E3%83%9F%E3%83%83%E3%83%89%E3%83%8A%E3%82%A4%E3%83%88%E3%83%AD%E3%83%B3%E3%83%AA%E3%83%BC%E3%83%80%E3%83%B3%E3%82%B9-%E3%82%BB%E3%83%AB%E3%83%95%E3%82%AB%E3%83%90%E3%83%BCver/1600018006?i=1600018014&uo=5,,youtube,https://www.youtube.com/watch?v=of8-nWS1w9E
1598023680,US23A1916218,Double Spire (Mixed),2021-11-30,,,187323,https://audio-ssl.itunes.apple.com/itunes-assets/AudioPreview126/v4/ac/83/dd/ac83ddc8-7920-3afb-3ee4-25057ff04a36/mzaf_17398194319905787409.plus.aac.p.m4a,https://music.apple.com/album/double-spire-mixed/1598023672?i=1598023680&uo=5,,applemusic,
193847458,USSM10315333,The Killing - Next Morning,2006-09-22,Originally Released 1966 Sony Music Entertainment Inc.,"℗ Originally Recorded 1966 & Released 1988, Originally Released 1966, (P) 2004 Sony Music Entertainment Inc.",317427,https://audio-ssl.itunes.apple.com/itunes-assets/AudioPreview125/v4/34/f5/ea/34f5ea8d-7466-f740-e00e-dad5133fdba3/mzaf_403009803119316311.plus.aac.p.m4a,https://music.apple.com/album/the-killing-next-morning/193845591?i=193847458&uo=5,,amazonmusic; soundcloud; spotify; qobuz; pandora; googleplay; gtl; youtube; deezer; melodyvr; applemusic; tidal,https://www.youtube.com/watch?v=VipseSVwOTU
1482519966,USA370529708,All This Joy,2019-10-06,1989 Windstar Records. Windstar Records,℗ 1989 Windstar Records. Windstar Records,273240,https://audio-ssl.itunes.apple.com/itunes-assets/AudioPreview125/v4/62/62/47/626247a1-4d1c-2151-f120-688ddbc40123/mzaf_7140106926793348252.plus.aac.p.m4a,https://music.apple.com/album/all-this-joy/1482519472?i=1482519966&uo=5,,pandora; deezer; melodyvr; qobuz; amazonmusic; spotify; trebel; applemusic; youtube; googleplay; tidal; soundcloud; iheartradio; livexlive,https://www.youtube.com/watch?v=AE9PSoMrcEU
1592634164,USL4Q2166433,Searching for June,2021-10-29,2021 Nicholas Dabrowiak,℗ 2021 Nicholas Dabrowiak,164493,https://audio-ssl.itunes.apple.com/itunes-assets/AudioPreview126/v4/4b/b0/18/4bb01863-4aa8-9c0f-d794-2407a3bdadb5/mzaf_13350574969874432449.plus.aac.p.m4a,https://music.apple.com/album/searching-for-june/1592634161?i=1592634164&uo=5,,pandora; applemusic; tidal; youtube; spotify,https://www.youtube.com/watch?v=gIYW6cLUZuw
1619445709,QZHN52205046,Checkmark,2022-04-15,2022 3324291 Records DK,℗ 2022 3324291 Records DK,139755,https://audio-ssl.itunes.apple.com/itunes-assets/AudioPreview116/v4/e9/20/38/e92038c6-c8f4-64bf-c64d-b2d60fab87cf/mzaf_6696459022907177123.plus.aac.p.m4a,https://music.apple.com/album/checkmark/1619445706?i=1619445709&uo=5,,youtube; applemusic; spotify,https://www.youtube.com/watch?v=C8kw9KtjJGQ
1384152323,GBCEJ1700369,Stand up Tragedy,2018-05-12,2017 The Fratellis under exclusive licence to Cooking Vinyl Limited,℗ 2017 The Fratellis under exclusive licence to Cooking Vinyl Limited,225318,https://audio-ssl.itunes.apple.com/itunes-assets/AudioPreview118/v4/2f/11/b2/2f11b29f-f07d-8323-2d9e-ec40746e0bc0/mzaf_1109084619056591414.plus.aac.p.m4a,https://music.apple.com/album/stand-up-tragedy/1384152319?i=1384152323&uo=5,,pandora; applemusic; qobuz; amazonmusic; tidal; spotify; googleplay; melodyvr; livexlive; deezer; gtl; soundcloud; iheartradio; youtube; trebel,https://www.youtube.com/watch?v=i4zhU1S_OV0; https://www.youtube.com/watch?v=nc_afTVRKwc
1189618273,GBLV61641574,Mesa Verde (The Secret of Anasazis),2016-12-23,2017 Eternal Sun Records,℗ 2017 Eternal Sun Records,462871,https://audio-ssl.itunes.apple.com/itunes-assets/AudioPreview122/v4/fd/ac/98/fdac9881-bc6d-3d40-3e34-f4d45833a914/mzaf_3208287897887588590.plus.aac.p.m4a,https://music.apple.com/album/mesa-verde-the-secret-of-anasazis/1189618231?i=1189618273&uo=5,,youtube; spotify; pandora,https://www.youtube.com/watch?v=rmfFSXXQRvI
1571798836,FR9W12111404,"Le Diable à Paris, Act I: VI. Couplets de Mme Grivot (Live)",2021-06-10,,℗ 2021 B Records,160653,https://audio-ssl.itunes.apple.com/itunes-assets/AudioPreview125/v4/93/ed/c5/93edc52c-99c1-a583-e33b-9d9a729969e6/mzaf_15351395822274084616.plus.aac.p.m4a,https://music.apple.com/album/le-diable-%C3%A0-paris-act-i-vi-couplets-de-mme-grivot-live/1571798451?i=1571798836&uo=5,Marcel Lattès,spotify,
1536498270,QZNJV2092687,A la Medida (2:20am),2020-10-19,,℗ 2020 MUN Records,198180,https://audio-ssl.itunes.apple.com/itunes-assets/AudioPreview115/v4/a8/92/61/a89261b6-36c2-f182-66cf-ccbea56a6eb8/mzaf_12283438057479279761.plus.aac.p.m4a,https://music.apple.com/album/a-la-medida-2-20am/1536498269?i=1536498270&uo=5,,amazonmusic; deezer; applemusic; pandora; tidal; spotify; melodyvr; youtube,https://www.youtube.com/watch?v=zYjn2kBLazw; https://www.youtube.com/watch?v=bmD2_TTIHTk
1657751725,GBX721900378,Don’t You Dare - Mahogany Sessions,2022-12-02,,℗ 2019 Mahogany Sessions,215787,https://audio-ssl.itunes.apple.com/itunes-assets/AudioPreview112/v4/7d/c5/d8/7dc5d898-b567-9a25-b942-da0e5c581786/mzaf_16005945907161805172.plus.aac.p.m4a,https://music.apple.com/album/dont-you-dare-mahogany-sessions/1657751724?i=1657751725&uo=5,Winnie Raeder,youtube; qobuz; pandora; melodyvr; amazonmusic; applemusic; deezer; tidal; iheartradio; soundcloud; spotify,https://www.youtube.com/watch?v=ks6FfIw_tUg
307019364,USTC80954557,Sara Maya,2009-03-02,,℗ 2009 Life In Rhythm Media,359498,https://audio-ssl.itunes.apple.com/itunes-assets/Music/d7/0a/92/mzm.yijvvcio.aac.p.m4a,https://music.apple.com/album/sara-maya/307019334?i=307019364&uo=5,,iheartradio; pandora; tidal; youtube; amazonmusic; spotify; applemusic,https://www.youtube.com/watch?v=jDfqXUcDioY; https://www.youtube.com/watch?v=A429492796490510
1092026883,GBLFP1577978,Fire,2016-03-10,,℗ 2015 David Justin Handy,444422,https://audio-ssl.itunes.apple.com/itunes-assets/Music69/v4/52/d1/08/52d1084b-bf37-e063-6c48-ba056d4435b4/mzaf_4501606254011041076.plus.aac.p.m4a,https://music.apple.com/album/fire/1092026782?i=1092026883&uo=5,,,
881292319,FR6V82497694,Musica da favola (Bit Mix Radio),2014-05-22,2014 Senza Base Records,℗ 2014 Senza Base Records,330555,https://audio-ssl.itunes.apple.com/itunes-assets/Music6/v4/59/df/02/59df02a9-9b98-af7a-36ae-8da7e7038dd9/mzaf_9041276625703795544.plus.aac.p.m4a,https://music.apple.com/album/musica-da-favola-bit-mix-radio/881292219?i=881292319&uo=5,,,
630872307,USCGJ1342591,Training of the Body,2013-04-02,2013 Sraddhalu Ranade,℗ 2013 Sraddhalu Ranade,150597,https://audio-ssl.itunes.apple.com/itunes-assets/AudioPreview71/v4/9a/71/e5/9a71e5cf-2d50-ae1c-397b-6eb521eb6433/mzaf_4519432661951096268.plus.aac.p.m4a,https://music.apple.com/album/training-of-the-body/630869986?i=630872307&uo=5,,spotify; youtube; applemusic,https://www.youtube.com/watch?v=B6EE0_7jXS4
1476628898,USHM81958725,Quizas Quizas Quizas,2019-08-15,2019 Mitch and Lara Duo,℗ 2019 Mitch and Lara Duo,191890,https://audio-ssl.itunes.apple.com/itunes-assets/AudioPreview123/v4/89/3a/9a/893a9a7e-d122-483d-457e-350cb58a6418/mzaf_608483188391976800.plus.aac.p.m4a,https://music.apple.com/album/quizas-quizas-quizas/1476628893?i=1476628898&uo=5,,youtube; spotify; tidal,https://www.youtube.com/watch?v=s_LHgsy2iE4
1662299724,ESA012218420,Magical (909 Beat Remix),2023-01-02,2022 FX Project,℗ 2022 FX Project,265494,https://audio-ssl.itunes.apple.com/itunes-assets/AudioPreview113/v4/bf/89/70/bf8970bc-e3b5-eeb9-d46a-b1e14f4e9bd7/mzaf_9504642838259066125.plus.aac.p.m4a,https://music.apple.com/album/magical-909-beat-remix/1662299719?i=1662299724&uo=5,,soundcloud,
1635316186,CAGPC2200003,I Think It's Alright,2022-07-19,2022 Mark Shannon,℗ 2022 Mark Shannon,181440,https://audio-ssl.itunes.apple.com/itunes-assets/AudioPreview112/v4/f2/2e/dc/f22edc1f-8bf0-20ef-6817-2c3c80f9656a/mzaf_2920130265784773164.plus.aac.p.m4a,https://music.apple.com/album/i-think-its-alright/1635315882?i=1635316186&uo=5,,youtube,https://www.youtube.com/watch?v=zWYOCqwwCYQ
1581799549,QZK6F2125988,I Remain Freesyle,2021-08-18,2021 790311 Records DK,℗ 2021 790311 Records DK,131135,https://audio-ssl.itunes.apple.com/itunes-assets/AudioPreview125/v4/5a/fc/8e/5afc8edd-e7f0-7c05-f978-2cef09115741/mzaf_16238189045434012614.plus.aac.p.m4a,https://music.apple.com/album/i-remain-freesyle/1581799546?i=1581799549&uo=5,,youtube,https://www.youtube.com/watch?v=ITT5MYYfPg8
1616715662,GX4R52200910,sad lofi to help you sleep Pt. 83,2022-03-29,"2022 LoFi Beats, under exclusive license to 11:11 Music Group","℗ 2022 LoFi Beats, under exclusive license to 11:11 Music Group",49049,https://audio-ssl.itunes.apple.com/itunes-assets/AudioPreview122/v4/f1/d5/52/f1d55239-457a-11af-3eba-20e0f8da7b42/mzaf_8004198948337495598.plus.aac.p.m4a,https://music.apple.com/album/sad-lofi-to-help-you-sleep-pt-83/1616715356?i=1616715662&uo=5,,,
1652121327,QZTV32287550,Cold Vacation (Remastered 2022),2022-10-28,,℗ 2017 Forest Kids Collective,155600,https://audio-ssl.itunes.apple.com/itunes-assets/AudioPreview112/v4/89/df/30/89df30b2-d998-9fb6-de95-6e60ab9104d6/mzaf_10300564130795374657.plus.aac.p.m4a,https://music.apple.com/album/cold-vacation-remastered-2022/1652121323?i=1652121327&uo=5,,,
1586030490,QZNMY2106299,Casket,2021-09-15,,℗ 2021 Nicholaflare,170592,https://audio-ssl.itunes.apple.com/itunes-assets/AudioPreview125/v4/cc/61/3a/cc613a58-f464-aa53-c17e-df406b867ebe/mzaf_14596198581035888877.plus.aac.p.m4a,https://music.apple.com/album/casket/1586030480?i=1586030490&uo=5,Nicholaflare,youtube; applemusic; spotify,https://www.youtube.com/watch?v=rbrasd9SDgI
1640862878,TCAGK2244307,I See You,2022-08-20,,℗ 2022 Sterling Productions LLC,405782,https://audio-ssl.itunes.apple.com/itunes-assets/AudioPreview112/v4/85/37/6c/85376c67-9889-6d72-268d-3ab443552135/mzaf_4742499093377860564.plus.aac.p.m4a,https://music.apple.com/album/i-see-you/1640862714?i=1640862878&uo=5,,youtube; applemusic; spotify; tidal; amazonmusic,https://www.youtube.com/watch?v=uPmPc7r57Q
1442239608,USUM70507136,My Own Two Hands (feat. Ben Harper),2018-11-14,"2006 Universal Records, a Division of UMG Recordings, Inc.",℗ 2005 Universal Records Inc.,178373,https://audio-ssl.itunes.apple.com/itunes-assets/AudioPreview125/v4/8a/84/e6/8a84e6c6-5168-237f-7b4e-5de81c3c0ba9/mzaf_7160421461014173837.plus.aac.p.m4a,https://music.apple.com/album/my-own-two-hands-feat-ben-harper/1442238823?i=1442239608&uo=5,,midwesttape; melodyvr; pandora; googleplay; amazonmusic; qobuz; deezer; applemusic; spotify; iheartradio; trebel; sonos; soundcloud; tidal; youtube; gtl; livexlive,https://www.youtube.com/watch?v=FSsrpCVDm6s; https://www.youtube.com/watch?v=Z8-2tkPmGV0; https://www.youtube.com/watch?v=cCZtwnp81B8
862463363,CAM8B1400010,Porcupine City,2014-04-14,2014 Wesley Krauss,℗ 2014 Wesley Krauss,104025,https://audio-ssl.itunes.apple.com/itunes-assets/AudioPreview125/v4/74/8c/d4/748cd400-19c7-b479-d73b-a7bd6e9b0473/mzaf_9776706575275304839.plus.aac.p.m4a,https://music.apple.com/album/porcupine-city/862463344?i=862463363&uo=5,,spotify; applemusic; youtube; amazonmusic; googleplay,https://www.youtube.com/watch?v=ML3jmNNxMlE
1580113283,CAGOO2112143,Refuge,2021-08-06,,℗ 2021 Dark Yagami,141173,https://audio-ssl.itunes.apple.com/itunes-assets/AudioPreview125/v4/88/a2/a8/88a2a855-66ae-6bce-604a-43c953078732/mzaf_17931487236954106290.plus.aac.p.m4a,https://music.apple.com/album/refuge/1580113275?i=1580113283&uo=5,Nicholas Chima,youtube,https://www.youtube.com/watch?v=A4LSq4Xd0k
890048514,USDHM1412940,Runaway (Silver Age Remix),2014-06-16,2014 T-Trick,℗ 2014 T-Trick. All rights reserved. Unauthorized reproduction is a violation of applicable laws. Distributed by Catapult.,306860,https://audio-ssl.itunes.apple.com/itunes-assets/Music/v4/3d/8b/9a/3d8b9a15-f928-2b97-5a0c-4708ccde3443/mzaf_2990863477953616006.plus.aac.p.m4a,https://music.apple.com/album/runaway-silver-age-remix/890048475?i=890048514&uo=5,,applemusic; gtl; googleplay; spotify; amazonmusic,
1607120376,QZPJ32138056,"Dark Seeks Light (From ""the World's Best Assassin"") [Piano Arrangement]",2022-01-26,,℗ 2022 zzz - Anime on Piano,209084,https://audio-ssl.itunes.apple.com/itunes-assets/AudioPreview126/v4/7f/b7/3f/7fb73f9e-e5ae-782b-ee7b-ea11ea1b7c87/mzaf_18189414784619715368.plus.aac.p.m4a,https://music.apple.com/album/dark-seeks-light-from-the-worlds-best-assassin-piano/1607119891?i=1607120376&uo=5,,youtube; spotify; applemusic; amazonmusic; pandora,https://www.youtube.com/watch?v=OWLAwQvcO2I
1579246892,QZK6J2142140,Saturn,2021-08-01,2021 Wandering River,℗ 2021 Wandering River,71026,https://audio-ssl.itunes.apple.com/itunes-assets/AudioPreview125/v4/31/12/0b/31120bb7-5b2a-f2a0-deb5-657d224c00df/mzaf_1013858172106471241.plus.aac.p.m4a,https://music.apple.com/album/saturn/1579246886?i=1579246892&uo=5,Ian Wong,applemusic; spotify; pandora; youtube,https://www.youtube.com/watch?v=pLgCvc-Sj_A
1487108761,GBSMU7101127,Jagode Sa Slagom,2019-11-08,2017 Studio Armadillo,℗ 2017 Studio Armadillo,223230,https://audio-ssl.itunes.apple.com/itunes-assets/AudioPreview113/v4/05/c3/e5/05c3e59e-7d5e-c8e7-c3b7-54bd3aa519e1/mzaf_15830573692833894511.plus.aac.p.m4a,https://music.apple.com/album/jagode-sa-slagom/1487108760?i=1487108761&uo=5,,spotify; youtube; amazonmusic,https://www.youtube.com/watch?v=LnjiXVidxFQ
1496322020,CZA163356510,Empty Bottles,2020-01-24,2015 Stay On Course,℗ 2015 Stay On Course,190145,https://audio-ssl.itunes.apple.com/itunes-assets/AudioPreview113/v4/8d/10/a9/8d10a94f-7bb2-c879-7dcf-63be38435ead/mzaf_4139525025695819836.plus.aac.p.m4a,https://music.apple.com/album/empty-bottles/1496322017?i=1496322020&uo=5,,youtube; amazonmusic,https://www.youtube.com/watch?v=ouyEut0z1PQ
1533478009,USL4Q2072803,Legendárny Štýl (Pero),2020-09-25,2020 Digittal,℗ 2020 Digittal,114428,https://audio-ssl.itunes.apple.com/itunes-assets/AudioPreview124/v4/e4/2a/9c/e42a9c54-c553-2475-8a1b-f86c0fa3fa98/mzaf_1760152135491184021.plus.aac.p.m4a,https://music.apple.com/album/legend%C3%A1rny-%C5%A1t%C3%BDl-pero/1533477724?i=1533478009&uo=5,,,
1587079442,QZNWQ2120977,Hailie,2021-09-23,2021 Yung Entrepreneurs YE,℗ 2021 Yung Entrepreneurs YE,173208,https://audio-ssl.itunes.apple.com/itunes-assets/AudioPreview115/v4/b2/60/6c/b2606c43-4399-ad3c-9156-f485bcfa2426/mzaf_11922512829257288403.plus.aac.p.m4a,https://music.apple.com/album/hailie/1587079441?i=1587079442&uo=5,Akime Brown,tidal; amazonmusic; applemusic; spotify; youtube,https://www.youtube.com/watch?v=V6f-Wggv_24
1671346315,QZDA52379322,Line 'Em Up (Live),2023-02-11,2023 Hampton Productions,℗ 2023 Hampton Productions,241138,https://audio-ssl.itunes.apple.com/itunes-assets/AudioPreview116/v4/8b/68/74/8b6874d7-8006-66a6-2470-1576eaaaaf3d/mzaf_388437229588616668.plus.aac.p.m4a,https://music.apple.com/album/line-em-up-live/1671346314?i=1671346315&uo=5,,,
1637599794,KRA341611778,할수있다 하신이는,2022-08-02,2010 Danal Entertainment,℗ 2010 Danal Entertainment,201427,https://audio-ssl.itunes.apple.com/itunes-assets/AudioPreview122/v4/ff/41/b3/ff41b31e-82a3-5ca4-6f40-8c9fc0bac5d2/mzaf_16164471438392315055.plus.aac.p.m4a,https://music.apple.com/album/%ED%95%A0%EC%88%98%EC%9E%88%EB%8B%A4-%ED%95%98%EC%8B%A0%EC%9D%B4%EB%8A%94/1637599788?i=1637599794&uo=5,,googleplay; applemusic; youtube,https://www.youtube.com/watch?v=WsyZ1Oy9EJY; https://www.youtube.com/watch?v=A851935203148777
1650639768,QZNMX2258422,Hustle,2022-10-19,,℗ 2022 Hr Tayk,165616,https://audio-ssl.itunes.apple.com/itunes-assets/AudioPreview112/v4/d6/5e/63/d65e6343-649a-4050-8bf5-8b2f5accabf5/mzaf_5108314687822086842.plus.aac.p.m4a,https://music.apple.com/album/hustle/1650639766?i=1650639768&uo=5,,,
515653822,DEH741202482,Kitchen Dream,2012-03-31,2012 National Techno,℗ 2012 National Techno,337920,https://audio-ssl.itunes.apple.com/itunes-assets/AudioPreview113/v4/18/10/c5/1810c5a4-6552-4759-4d4b-f7b4e55af520/mzaf_6146669198755117510.plus.aac.p.m4a,https://music.apple.com/album/kitchen-dream/515653785?i=515653822&uo=5,Nikita Stalker,spotify; applemusic; pandora; amazonmusic; googleplay; gtl,
1537809540,JPE301900324,錬金術師ヒポクラテス,2020-10-28,(P)2019 Aniplex Inc.,℗ 2019 Aniplex Inc.,75293,https://audio-ssl.itunes.apple.com/itunes-assets/AudioPreview124/v4/4e/16/af/4e16afca-0c4b-6227-6fa8-c5f36847b9bf/mzaf_13061633764745632568.plus.aac.p.m4a,https://music.apple.com/album/%E9%8C%AC%E9%87%91%E8%A1%93%E5%B8%AB%E3%83%92%E3%83%9D%E3%82%AF%E3%83%A9%E3%83%86%E3%82%B9/1537809536?i=1537809540&uo=5,,,
1461786297,DEEK21810040,3000 umwege,2019-04-29,2018 Ferryhouse,℗ 2018 Ferryhouse,196190,https://audio-ssl.itunes.apple.com/itunes-assets/AudioPreview115/v4/0c/34/3b/0c343b4e-7dc7-a07e-b8ad-6e1f72f263cb/mzaf_9982549960847675374.plus.aac.p.m4a,https://music.apple.com/album/3000-umwege/1461786125?i=1461786297&uo=5,,pandora; googleplay; deezer; spotify; youtube; tidal; applemusic; amazonmusic,https://www.youtube.com/watch?v=A466658986512426; https://www.youtube.com/watch?v=gFamnEMAYGE
1643354834,QZNWU2295609,Woo Skillz (Foster Home),2022-09-04,2022 1827253 Records DK,℗ 2022 1827253 Records DK,202296,https://audio-ssl.itunes.apple.com/itunes-assets/AudioPreview122/v4/0b/65/eb/0b65eb9d-6b2c-2c78-f3a6-d06ab6315274/mzaf_13498344665407404859.plus.aac.p.m4a,https://music.apple.com/album/woo-skillz-foster-home/1643354833?i=1643354834&uo=5,,youtube,https://www.youtube.com/watch?v=oxmAdj8hoWc
148230311,USCGJ0613023,Shine,2006-04-15,Solid Bass Productions,℗ 2006 Solid Bass Productions,351107,https://audio-ssl.itunes.apple.com/itunes-assets/Music/bd/b2/82/mzm.gfjqtocn.aac.p.m4a,https://music.apple.com/album/shine/148230288?i=148230311&uo=5,,youtube; spotify,https://www.youtube.com/watch?v=MwVXN27R_Cg
410083968,FR6V80773514,Skam Dust Skit (feat. Skam Dust),2010-12-14,2009 Countdown Records,℗ 2009 Countdown Records,11572,https://audio-ssl.itunes.apple.com/itunes-assets/Music/v4/d8/dd/7c/d8dd7cd7-9670-5988-1782-8080d5e307af/mzaf_4284582722978215923.plus.aac.p.m4a,https://music.apple.com/album/skam-dust-skit-feat-skam-dust/410083868?i=410083968&uo=5,,googleplay; youtube; spotify; amazonmusic; applemusic,https://www.youtube.com/watch?v=byTSGkRtvaI
1006660085,DESN31326626,Jam Track Funk Hip-Hop Fm (120bpm) [Jam Tracks Version],2015-06-15,,℗ 2015 MIDIFine Systems,458000,https://audio-ssl.itunes.apple.com/itunes-assets/Music1/v4/ea/ab/33/eaab3325-e80a-9816-c3e6-13e3cee16f7c/mzaf_5716331634105143746.plus.aac.p.m4a,https://music.apple.com/album/jam-track-funk-hip-hop-fm-120bpm-jam-tracks-version/1006659833?i=1006660085&uo=5,,applemusic; spotify; amazonmusic,
1567963905,QZJG52151485,Inhale,2021-05-17,,℗ 2021 Young Taaz,101773,https://audio-ssl.itunes.apple.com/itunes-assets/AudioPreview115/v4/81/ce/49/81ce499a-30f3-d6c5-3c1e-690f59c65690/mzaf_6758795848421271516.plus.aac.p.m4a,https://music.apple.com/album/inhale/1567963903?i=1567963905&uo=5,,applemusic; youtube; spotify,https://www.youtube.com/watch?v=PTmSzcQInhE
1291986653,GBLV61700080,No More,2017-10-02,2017 Lisztomania Records,℗ 2017 Lisztomania Records,417013,https://audio-ssl.itunes.apple.com/itunes-assets/AudioPreview128/v4/3f/c1/7d/3fc17d64-0ca0-0e4c-d6cd-7140d53d9049/mzaf_4622657128761958856.plus.aac.p.m4a,https://music.apple.com/album/no-more/1291986648?i=1291986653&uo=5,,amazonmusic; googleplay; spotify; applemusic; youtube,https://www.youtube.com/watch?v=V4ZqpbU-G10; https://www.youtube.com/watch?v=A628519723183326
1447695206,DEXQ71896440,Kapitel 16,2018-12-21,2013 SWR,℗ 2013 SWR,128800,https://audio-ssl.itunes.apple.com/itunes-assets/AudioPreview114/v4/3e/f1/42/3ef1428d-8911-eed3-d4bc-4ebddde1fae9/mzaf_7316654262235339256.plus.aac.p.m4a,https://music.apple.com/album/kapitel-16/1447695035?i=1447695206&uo=5,,,
1643620205,QZFMM2200047,Voyage,2022-09-06,2022 Hand Of Earth,℗ 2022 Hand Of Earth,309000,https://audio-ssl.itunes.apple.com/itunes-assets/AudioPreview122/v4/d7/ab/ce/d7abcea3-fcd6-c555-b2af-5e3632d5cc07/mzaf_8882157722249307690.plus.aac.p.m4a,https://music.apple.com/album/voyage/1643620190?i=1643620205&uo=5,,spotify; applemusic,
1544042881,QZAMM2006556,Ammo (Live),2020-12-09,2019 Official Mohan,℗ 2020 Official Mohan,90906,https://audio-ssl.itunes.apple.com/itunes-assets/AudioPreview124/v4/dd/bb/ed/ddbbed9d-4b4a-23b6-2257-b4dffb788c48/mzaf_6303670478572595894.plus.aac.p.m4a,https://music.apple.com/album/ammo-live/1544042879?i=1544042881&uo=5,Official Mohan,applemusic; amazonmusic,
1614447214,TWCG72200099,Try,2022-03-15,2021 IMPACT MUSIC,℗ 2021 IMPACT MUSIC,194039,https://audio-ssl.itunes.apple.com/itunes-assets/AudioPreview116/v4/c1/3b/55/c13b5583-4f19-1965-b42a-698a283b3ae5/mzaf_13411194653126920576.plus.aac.p.m4a,https://music.apple.com/album/try/1614447202?i=1614447214&uo=5,,applemusic,