Recording ID,Recording ISRC,Party ID,Party Full Name,Party Role
862463363,CAM8B1400010,862463359,WK Music Productions,Contributor
1304432430,GBAYC9003684,4720761,Gewandhausorchester,Contributor
1554411628,TCJPN2195952,1398663741,ALL BGM CHANNEL,Contributor
1657751725,GBX721900378,1458908754,Winnie Raeder,Contributor
1424724962,USUM70507136,909253,Jack Johnson,Contributor
869543871,TCABW1487591,402793164,The Pollywogs,Contributor
1292591052,ITR551413784,877780701,Massimo Traffano,Contributor
1445385841,USQY51450358,210610033,Alkaline,Contributor
690991331,GBAYC9003684,821086,Kurt Masur,Contributor
1600018014,JP92A2106140,1590800302,ryuppe,Contributor
1592634164,USL4Q2166433,199838263,Nick Jaina,Contributor
1598023680,US23A1916218,451427031,Soichi Terada,Contributor
1482519966,USA370529708,208469,John Denver,Contributor
1547989124,GBAYC9003684,2596317,Michel Béroff,Contributor
1481495353,EGA1K1913150,1513392383,Abo El Shouk,Contributor
1587079442,QZNWQ2120977,1387296393,BadBoidb,Contributor
1598876904,KEUM77600241,1461445077,The T.B. Eagles,Contributor
630872307,USCGJ1342591,630870326,Sraddhalu Ranade,Contributor
690467556,GBAYC9003684,821086,Kurt Masur,Contributor
1259948648,ITO101624020,1259948622,Uni Time Rec,Contributor
1666652530,US83Z2301607,1604673895,Lenz (DE),Contributor
890048514,USDHM1412940,818279943,T-Trick,Contributor
1650639768,QZNMX2258422,1541725068,Hr Tayk,Contributor
1452252749,GBF079041507,3427721,Barry Tuckwell,Contributor
1607120376,QZPJ32138056,1468323716,zzz - Anime on Piano,Contributor
1304432430,GBAYC9003684,2596317,Michel Béroff,Contributor
690991331,GBAYC9003684,2596317,Michel Béroff,Contributor
694144414,GBAYC9003684,4720761,Gewandhausorchester,Contributor
1671346315,QZDA52379322,488705865,Jeramiah Red,Contributor
691951860,GBAYC9003684,4720761,Gewandhausorchester,Contributor
1579246892,QZK6J2142140,1556275687,Wandering River,Contributor
1641026348,KEUM77600241,1461445077,The T.B. Eagles,Contributor
1039944087,NLMN21100012,80061975,Darryl,Contributor
1655043912,AEA2W2219232,1635562006,decreasecomplex,Contributor
1092026883,GBLFP1577978,1070134062,The Dh Project,Contributor
1597297900,JPN292125952,1349315714,Eximo Blue,Contributor
1452252749,GBF079041507,491158,Vladimir Ashkenazy,Contributor
1499121037,TCABW1487591,402793164,The Pollywogs,Contributor
1596693646,JPN292125952,1349315714,Eximo Blue,Contributor
877780700,ITR551413784,877780701,Massimo Traffano,Contributor
1571798836,FR9W12111404,1457389587,Orchestre des Frivolités Parisiennes,Contributor
1384156494,GBCEJ1700369,80055467,The Fratellis,Contributor
1294764375,GBCEJ1700369,80055467,The Fratellis,Contributor
1635316186,CAGPC2200003,1412523228,Fig5000,Contributor
497706617,GBPQM1200561,1553836711,Eddie Lee,Contributor
1304432430,GBAYC9003684,821086,Kurt Masur,Contributor
713681129,GRE011100050,18794922,Pashalis Terzis,Contributor
300548583,AUDD30801889,15871626,Richard Tauber,Contributor
881292319,FR6V82497694,1480844772,Ania,Contributor
1545293116,JPB602097372,1044961373,Blueberry Soda,Contributor
1637350632,QZMEP2297742,1631729404,Chris B,Contributor
1586030490,QZNMY2106299,1551735730,Nicholaflare,Contributor
1673136825,GBRDV0900095,294311891,Ghosts On Pegasus Bridge,Contributor
307422129,GBRDV0900095,294311891,Ghosts On Pegasus Bridge,Contributor
286917069,USA560711269,128943998,Ted Wulfers & Beggar's Bridge,Contributor
6007429,USA370359383,6007426,Sultans,Contributor
1536498270,QZNJV2092687,1144623730,Juliana,Contributor
1561064151,QZNJV2092687,1144623730,Juliana,Contributor
1596721698,GBAYC9003684,2596317,Michel Béroff,Contributor
692529460,GBAYC9003684,2596317,Michel Béroff,Contributor
193847458,USSM10315333,251072,John Barry,Contributor
1596721698,GBAYC9003684,4720761,Gewandhausorchester,Contributor
453156503,GBKQU1149642,413728200,Rishie,Contributor
1581799549,QZK6F2125988,1355158019,Jwill,Contributor
1210894245,TCACY1714438,289151162,Maceman,Contributor
1554411628,TCJPN2195952,1485206704,ASMR by ABC,Contributor
1496322020,CZA163356510,1496194947,Stay On Course,Contributor
328132005,FR6V80967136,14539257,Fernandel,Contributor
1443157100,GRE011100050,18794922,Pashalis Terzis,Contributor
1561564780,QZES72131350,1561364872,Myreil,Contributor
735283219,GB67V1347401,68450236,Zion Harmonizers,Contributor
1571798836,FR9W12111404,889186552,Sarah Laulan,Contributor
1476628898,USHM81958725,284384631,Mitchell Tonelson,Contributor
307019364,USTC80954557,307019337,Alhaji Papa Susso Featuring Adjaratou Tapa Demba,Contributor
1472073480,USHM21991003,1024720626,Miguel Isaza,Contributor
691951860,GBAYC9003684,2596317,Michel Béroff,Contributor
1291986653,GBLV61700080,1068106045,Din Jay,Contributor
1614447214,TWCG72200099,1614901978,吴宇深,Contributor
1640862878,TCAGK2244307,1529370756,Gordon Sterling and the People,Contributor
1442239608,USUM70507136,909253,Jack Johnson,Contributor
1241934843,BGA261776112,1241934844,Inkas,Contributor
1616959300,KEUM77600241,1461445077,The T.B. Eagles,Contributor
1647266313,KEUM77600241,1461445077,The T.B. Eagles,Contributor
1487108761,GBSMU7101127,945178733,Vanya con Trios,Contributor
1542233467,ITR551413784,877780701,Massimo Traffano,Contributor
1643620205,QZFMM2200047,1446512849,Elunacy,Contributor
1596721698,GBAYC9003684,821086,Kurt Masur,Contributor
692529460,GBAYC9003684,821086,Kurt Masur,Contributor
691951860,GBAYC9003684,821086,Kurt Masur,Contributor
1304467330,GBAYC9003684,821086,Kurt Masur,Contributor
1583998456,QZMEN2151373,1583947373,Blisters UY,Contributor
1020229939,ES7731412020,416204791,Gent del Desert,Contributor
410083968,FR6V80773514,322563093,Shotblockers,Contributor
1083893947,DEE700001773,218659286,Rundfunk-Kinderchor Berlin,Contributor
1607192175,GBAYC9003684,2596317,Michel Béroff,Contributor
1083878433,DEE700001773,162425346,Kinderchor Des Berliner Rundfunks,Contributor
694144414,GBAYC9003684,2596317,Michel Béroff,Contributor
1662299724,ESA012218420,814516997,FX Project,Contributor
1616904368,DEQS92200536,205205406,Amigos,Contributor
1567963905,QZJG52151485,1528418672,Young Taaz,Contributor
1447695206,DEXQ71896440,485736535,Wolf Schmidt,Composer
1184906090,GBAYC9003684,4720761,Gewandhausorchester,Contributor
1536012446,QZMEP2044371,1443977644,Underrated Prodigy,Contributor
1655446834,QZTB22226831,1519922438,Travis Tropeano,Contributor
1461445088,KEUM77600241,1461445077,The T.B. Eagles,Contributor
1571798836,FR9W12111404,563889452,Dylan Corlay,Contributor
1649517654,INE182221818,1114024920,Kumkum Mishra,Contributor
1603807936,AU3VP2200011,1388309390,Marc Eight,Contributor
1358121465,GBCEJ1700369,80055467,The Fratellis,Contributor
1305643610,GBCEJ1700369,80055467,The Fratellis,Contributor
1384152323,GBCEJ1700369,80055467,The Fratellis,Contributor
433422585,US5WC1100129,432574128,Switchblade Cheetah,Contributor
1461786297,DEEK21810040,433286772,Benne,Contributor
1547989124,GBAYC9003684,821086,Kurt Masur,Contributor
1544042881,QZAMM2006556,1544042880,Official Mohan,Contributor
694144414,GBAYC9003684,821086,Kurt Masur,Contributor
1533478009,USL4Q2072803,1427925944,Digittal,Contributor
1584946152,QZMEN2151373,1583947373,Blisters UY,Contributor
883750496,AUDD30801889,15871626,Richard Tauber,Contributor
1447695206,DEXQ71896440,1447668676,Karl Ebert,Contributor
1616715662,GX4R52200910,1616691957,Jasper Lofi,Contributor
1619445709,QZHN52205046,1587554745,Sundown Goblin,Contributor
1643354834,QZNWU2295609,1597782942,Woo Skillz,Contributor
1189618273,GBLV61641574,969823407,Nakhiya,Contributor
1544214283,QM6DC1864187,20022338,Luis y Julián,Contributor
1455333259,USCGJ1917761,546000882,Ronald Nard,Contributor
1654627037,QZTAZ2214647,1619162097,Kamari,Contributor
1615501058,TCJPR2244974,1587304282,Caress Van End,Contributor
1304467330,GBAYC9003684,2596317,Michel Béroff,Contributor
690991331,GBAYC9003684,4720761,Gewandhausorchester,Contributor
1542233467,ITR551413784,515213564,Roberto Tagliamacco,Contributor
1608921139,ESA012218420,814516997,FX Project,Contributor
1517896898,USPR79700910,32527403,Remanso,Contributor
462039099,USA371401960,216916304,Oscar McLollie,Contributor
1469578000,USUM70507136,909253,Jack Johnson,Contributor
1675403138,USUM70507136,909253,Jack Johnson,Contributor
1006660085,DESN31326626,976530017,iJam Systems,Contributor
1652121327,QZTV32287550,1484165623,Forest Kids Collective,Contributor
1580113283,CAGOO2112143,1558575838,Dark Yagami,Contributor
1647234556,BEC462217868,286882491,Frank Valentino,Contributor
432567161,US5WC1100129,432567096,Swithchblade Cheetah,Contributor
1184906090,GBAYC9003684,2596317,Michel Béroff,Contributor
1547989124,GBAYC9003684,4720761,Gewandhausorchester,Contributor
877780700,ITR551413784,515213564,Roberto Tagliamacco,Contributor
1607192175,GBAYC9003684,4720761,Gewandhausorchester,Contributor
1304467330,GBAYC9003684,4720761,Gewandhausorchester,Contributor
1215571701,GBAYC9003684,4720761,Gewandhausorchester,Contributor
692529460,GBAYC9003684,4720761,Gewandhausorchester,Contributor
1292591052,ITR551413784,515213564,Roberto Tagliamacco,Contributor
690467556,GBAYC9003684,4720761,Gewandhausorchester,Contributor
515653822,DEH741202482,379235372,Nikita Stalker,Contributor
1440655935,USUM70507136,909253,Jack Johnson,Contributor
1637708705,KEUM77600241,1461445077,The T.B. Eagles,Contributor
1215571701,GBAYC9003684,821086,Kurt Masur,Contributor
1607192175,GBAYC9003684,821086,Kurt Masur,Contributor
1184906090,GBAYC9003684,821086,Kurt Masur,Contributor
1652570878,USQY51450358,210610033,Alkaline,Contributor
1628767911,NLCK42215680,391654295,Shabaam,Contributor
1537809540,JPE301900324,793835046,富貴 晴美,Contributor
1600609543,QZMWW2125578,1600609056,Vibeman_emix,Contributor
1583938984,FRR642101210,1477406517,Steez & Sully,Contributor
1522358106,QZMEV2051515,1472158360,Juvie2xx,Contributor
1674931397,QZWQY2300004,1292085567,Ike Harmon,Contributor
1476628898,USHM81958725,1476501147,Lara Grabois,Contributor
1655965993,QZTB22298336,391534898,Suki & Ding,Contributor
148230311,USCGJ0613023,148230290,Perfect Cell,Contributor
1447695206,DEXQ71896440,458666487,Max Strecker,Contributor
1637599794,KRA341611778,685899396,민희라,Contributor
1571798836,FR9W12111404,1567027011,Céline Groussard,Contributor
690467556,GBAYC9003684,2596317,Michel Béroff,Contributor
1215571701,GBAYC9003684,2596317,Michel Béroff,Contributor