Work ID,ISWC,Work Title,Work Alternative Titles,Linked ISRCs
CV9P54,T3057925512,CANT CALL ME THAT,CAN T CALL ME THAT; CAN'T CALL ME THAT,TCAEK1993486
C01794,,"CHRISTINA, THE ASTONISHING",CHRISTINA THE ASTONISHING,EMIDD0292001; GBAJH9900477; GBAJH0900608; USHM81796607; NLEE10800006
BA4AN8,,BAZOKHALA,SON-AFRO-0182-05701; SON-AFRO-0182-05601; GQOM EXPLOSION 2 - RAW MINIMAL URBAN BEATZ CUT 61; AFRO-0182-61; AFRO-0182-57; SON-AFRO-0182-06001; GQOM EXPLOSION 2 - RAW MINIMAL URBAN BEATZ CUT 60; AFRO-0182-59; AFRO-0182-58; GQOM EXPLOSION 2 - RAW MINIMAL URBAN BEATZ CUT 58; GQOM EXPLOSION 2 - RAW MINIMAL URBAN BEATZ CUT 56; AFRO-0182-60; SON-AFRO-0182-05901; SON-AFRO-0182-01201; AFRO-0182-12; SON-AFRO-0182-06101; SON-AFRO-0182-05801; GQOM EXPLOSION 2 - RAW MINIMAL URBAN BEATZ CUT 12; GQOM EXPLOSION 2 - RAW MINIMAL URBAN BEATZ CUT 59; AFRO-0182-56; GQOM EXPLOSION 2 - RAW MINIMAL URBAN BEATZ CUT 57,
YV8F4D,T0616930303,WONT STOP LOVING YOU,WON'T STOP LOVING YOU,
AB0JSS,,ALIBI-LIBERATION_SPARSE MIX_15,ALIBI LIBERATION_SPARSE MIX_15; LIBERATION_SPARSE MIX_15; LIBERATION SPARSE MIX 15; ALIBI-LIBERATION SPARSE MIX 15; ALIBI - LIBERATION SPARSE MIX 15; ALIBI LIBERATION SPARSE MIX 15; ALIBI - LIBERATION_SPARSE MIX_15,
PA3PSJ,,PRIVACY,MEZ-COM-0006-00201; FREEDOM POWER CUT 2; COM-0006-2,FR59R1938718
TD1QDS,,TCHALAEV-STRING QUARTET NO 1,TCHALAEV-QUATUOR A CORDES NO 1,
M3212N,,MIDDLE OF THE ROAD,MOR,GBBTF0700174; GBBXS1292028
MV9HTC,,MR RIGHT NOW,MR. RIGHT NOW,
HVB3ZQ,,HOLD TIGHT!,HOLD TIGHT,
EA0CRT,T9170243024,EXCELSIOR!,EXCELSIOR,
MV9V0W,T3059392524,MR WATSON,MR.WATSON,
SVEVXM,T8039658942,SCHUESSE IN DER HOOD,SCHUESSE IN DER HOOD - INSTRUMENTAL,
E64686,T0465284858,EL ULTIMO JEFE,EL ULTIMO JEFE,UYH121200032
O55412,T9142912503,"OH DEAR, FALLING IN LOVE WITH YOU",OH DEAR FALLING IN LOVE WITH YOU,
RA8A02,,RUN THAT BEAT,SCDV-0968-32; RUN THAT BEAT B; FUTURE BASS HYPE CUT 31; RUN THAT BEAT A; SON-SCDV-0968-03301; RUN THAT BEAT C; RUNTHATBEATC; RUNTHATBEATB; SCDV-0968-31; RUNTHATBEATE; SON-SCDV-0968-03201; RUNTHATBEATA; SON-SCDV-0968-03401; SCDV-0968-35; RUNTHATBEATD; FUTURE BASS HYPE CUT 34; RUN THAT BEAT D; FUTURE BASS HYPE CUT 33; SCDV-0968-33; SON-SCDV-0968-03501; FUTURE BASS HYPE CUT 35; RUN THAT BEAT E; SCDV-0968-34; FUTURE BASS HYPE CUT 32; SON-SCDV-0968-03101,DEB632076831
X19932,,SOZUM SOZ,AYLAR OLDU GOZUM YOLDA,
WV7RTN,,WAY WAY UP,CHALK WAY WAY UP; CHALK 1617 WAY WAY UP GALLOWAY JORGENSON OVENS,
PVCMNU,,PRAYER PIANO,INTAH1653_10,
DB19DT,,DANCING ON A WIRE,DANCING ON THE WIRE,
LV7H1V,,LAZY SUMMER UNDERSCORE,BYND-101PM-LAZY SUMMER UNDERSCORE,
IC8Z82,T0025738617,IM RAK TAVOI BEHAMESH,OUZ,
Z5134K,,XUN MU SAN QIAN LI,XUN MU ZOU QIAN LI,
S2875N,,SAMURAI SPORTSMAN EPISODE 10/ SCORE & CUES,PRE-AD; SWORD TO ROD; SAKE!; PROUD TRADITION; COME TO ME; FISH; MEDITATION; YOSHI FISHING; LESSON ON WATER; RANDOM BI; CHALLENGE YOURSELF; MUST CATCH TROPHY FISH; BOW TO THE FISH; LEARNING TO FLY CAST; GOD OF FISH; WADERS; FLY FISH PREVIEW; KNOWLEDGE; DREAM OF LOST FISH; WANT TROPHY CATCH; FISH UPSTREAM; MOMENT OF MUSIC; WASH AWAY AGGRESSION,
E58791,T0700518075,ETERNAL FLAME,"FLAMMER I VIND; ""TOUGH MAN   (AD USING """"ETERNAL FLAME"""")""; ""SOTTILETTE KRAFT   (AD USING """"ETERNAL FLAME"""")""; RAKKAUS LIEKKIN SYTYTAA; IN ALLE EWIGKEIT; MUZES SPAT; CZY TO MILOSC    (POLISH); DEJAME SONAR; KONIG PILSNER   (AD. ETERNAL FLAME); THE SWEETEST THING   (HOFFS/KELLY/STEINBERG); TRUQUE DA PAIXAO; ""DAILY EXPRESS   (AD USING """"ETERNAL FLAME"""")""; ETERNA LLAMA; MEESTER VAN DER PLAS; THE SWEETEST THING (HOFFS/KELLY/STEINBERG); THE SWEETEST THING (FILM); LA FLAMA ETERNA; EEUWIG VUUR; A GFUI FUAS LEEM",US6R21314417; USI4R1118725; NLHR51244956; NLHR51481275; ES5631300449; ES5701701184; NLG620412623; NLG620529798; ATB350400490; NLHR51126905; NLHR51478657; ES71G2211391; USJPL1700610; US85C1213759; NO2QV1808010; NLK010800806; USJ3V1485973; ES71G1601153; USJ571100606; AUDD31400122; AUMU08900010; AUXN22035875; QZFYW2094034; PEMG91607001; US8K20975635; AUND00800714; BEK019800087; USA370362581; BET231852221; FR2X41581214; AUZG01135771; USLS50687519; FR2X41874738; PLL431631301; PLL431631405; AUZG00731894; USA2P1117292; USA371692232; FR2X42104665; USA561118532; USPSU1243912; BRPJ71903134; FR2X42128009; USA560904358; USA561080735; USA561164233; USQWA1210701; USQWA1210705; PLS921801728; SGA311111886; FR6V81544720; USA561107488; USA561458381; USPKS1100997; FR6V81571572; USM4H0820653; FR6F31183200; FR96X1710875; CAM460403390; CAM460425851; CAM460425852; USA371512750; CAM460413209; QM6MZ1443699; FR8F99000110; QM6N21564468; CH6540837223; GBYUE0905196; GBAAA0100439; CH6540820427; USCGH1223969; QM7281509609; USTCB0964909; USUM71404004; DEBL60993796; TCAGH2297929; DEC832100792; USTFD1000716; DEBL60605129; DEBL60605131; GB8KG1100327; DED830798808; GBAYE0302085; USCHR1385506; ISZRU1013511; USFKP0601292; USG7D1509220; USGN61009173; DEBL60605128; USHM20764902; UK42F2000003; GBJSS1423101; USFB20637560; DER371796302; GBCMJ9900616; GBKQU1028247; QZNWR2130694; DEH980661590; QMVRR1443487; QMVRR1533115; USGN61107392; DEL671000322; US2Y30748198; USGN61307022; THSOH1200359; QZPJ32181460; QZ5CV1732665; GBFQE1202223; USHM20758346; JPN200801889; JPTK01413240; GBBKB9223801; UK8D41408341; USGN61204334; DEKB71494991; GBJSS1021053; ITJ040100585; USHM21699376; DESN31302167; QMVRR1439055; UKX7G2100191; GBHQC0563713; DEZ510400014; USHM90463674; QZPJ32206249; JPF911000593; USHM80903479; QZPJ32154471; DEN120000248; JPN292000100; KRA341102337; ES6100881414; NLHR51131202; US66W2200178; ARF411400470; ES5531011630; NLG620529788; USK4W0713751; ATG840400582; ATM971181110; ES7930217665; AULPE1400005; USL4Q0893801; US8K20925635; AUMW41000319; PHI011405174; USA2P2217097; BEDU42100011; USA370526770; USA370526779; BGA471105227; BGA471912160; FR10S1533285; AUXL31800179; SE6RU2244701; SESCP0600105; FR4GL1058640; USA371695937; PLL431634234; BGA261120413; PLS921748054; PLS921748109; SGA310900712; TCAAT1003619; FR6V81029212; FR6V81544648; FR6V81545461; GBRKQ2047692; USA371675993; BRLIS0300403; FR6V82644659; USA561307290; USQY51205808; USQY51226476; USRQ81100009; FR9W11201806; PLS922129831; USSM18800152; USSM18800426; QM4TW1518237; FR96X1771071; QM4TW1582722; UST7W0804870; USUM71403595; CAM461050720; QM6N21597800; CH6540877708; CACS30910052; USCGH1406239; USCHR1386073; FRX202027905; QM7281470649; GBAHT1901205; USCRW1181652; DEA810600079; USDHM1010802; DEBL60807657; QM6P41430005; GBAAA0100197; USV291304796; QM6MZ1718243; DEAR41212325; USX9P1154008; GBBFY0610541; GBBGL0401645; THHIT1200951; USE830950687; USEGX1103296; USFB20600572; GBCMJ9906796; QMDA61365542; USGN61000904; QM6N21426434; USHM20677299; USY281610983; DEN951600307; QMDA61836220; GBCQU0600119; DEH741413445; QMVRR1538195; QZK6N1914040; UKX7G2100219; USGN61012179; DEKB71495913; DEH980952330; USHM20313984; DEKB71501966; DELJ81735729; JPQ331800478; JPPC01000359; JPZ921205280; USGN61010730; USGN61010764; DEN951600309; USHM21527151; GBJSS1387212; UKUZW2002011; DELM40500020; DEN951600308; DEZN82104985; JPB600941803; GBLGL0807012; JPZ921011971; NLA241802573; JPQ709802057; NLAX70934943; JMC711200434; QZDFP1914851; US6R21305323; ES64A5018231; US6R21394998; NLHR51139792; GBMNA2002515; ES03S1803201; NLHR51276833; USJAV1010018; US5UL1422967; QZRP52254716; ES95B1706714; AUBM00800592; US8K21200528; AULPE1400030; FIBRA9800604; AUV401436937; AUXN22035874; AUXN22035876; AUDD31502950; ES5631200371; USL4R0745124; PHI010502431; FR0W69964791; USA370383388; FR10S1782485; USA370697122; BGA471912154; USA371143672; PLL431500002; SEAMA1000085; USA371440804; USA371448977; USM4H0800653; USMB30204585; SEBID9702070; PLL431516325; FR0W69966577; FR2X41865337; USA2P1187928; SEVSZ1303510; GBQRF0802943; USA371446243; USA561040876; USA561263554; USA561263574; SGA310800490; FR4GL1048322; USQWA1210700; PLS921748024; USQWA1260862; FR6V81024003; USQWA1210706; FR6V80071763; FR6V81309179; GBSWE1557737; CAM460410333; CAM460430580; USA560687013; USR010613940; USA561461853; FR6V80595586; USSM11403056; QM4TX1548791; GBWHD0800682; USV291304784; USSYS1018456; USBYT0400242; GBX721900192; QM7281468549; USSYS1123575; USDEI9601449; FR96X2010282; DEBL61170504; USCHR1385548; USY281613817; TCAEM1934329; IL1020807990; QMAKZ1549405; QMBZ91434085; TWA470043011; USCHR1380099; ZAA011400667; GBCHC0205694; GBCMJ9905135; GBBKW0100045; GBEFP0116803; USGN61002056; USGN61306882; USEDD0293105; GBCEU2028812; UKHAU1700035; IL2DY2200013; UK3XS1304304; DEUM70808079; UKU6H1954138; GBCQU0600014; USGN61600295; DEKB71366985; DELJ81937210; USGN61204274; US3DF1721592; QZMHN2056243; JPG761000616; GBF7W0113211; US4R31109684; JPZ921012370; DEN951600311; GBHQC0501914; QMDA71314331; GBHFP0904990; USHM21413844; GBJSS0603959; DET311101269; USHM80957767; QMVRR1443571; DENL81302163; JMC711000559; GBLS40115156; US38L0501083; JPB601400961; QZPJ32193140; GBLS40115157; JPTO00001874; NLHR51273713; ES5631204718; ES64A1024431; AEA0Q2064382; NLG620411068; GBMNA2001893; ES7930205748; ES7930209710; ES5530904290; NLRD51436233; USJ3V0694203; US8K21200529; ARG101104229; US85C1301105; GBPS83885023; USA2P1110010; USK4W0732886; FR10S1484887; FR0W69966505; USKYW0703874; USJ9V0700009; FR10S2089756; FR10S1904964; USA371440319; USA371573290; USA371636320; BRI9C1300683; GBQRF0821074; USA560521727; FR4GL1061895; USNLR2000806; USA560634556; USA371469190; USA370974588; USA371671106; USA561045667; USA560949634; USA561084032; PLS921748080; QZFZ71970474; USA560925453; QZFZ41912643; USPO19850038; QZFZ72224017; GBQRF1113235; FR6F31062640; USR010910126; USAVS1000105; USQY51185837; USB760801112; USQWA1261854; FR6V80826272; FR6V81498573; FR6V80826273; GBSWM0900471; CAM461030946; USMCE0813234; USAQ41337813; TCACO1620360; QM4TW1531888; USCGH1128390; HKI490628112; HKI199091802; QM42K1980893; GBV8F2000106; QM4TW1531889; USSYN9956905; USCGH1633247; USSYS1023575; USTXK1207348; CAK121020012; HKI490628223; GBAYC0202960; GB8KG1105750; USCHR1386543; QM7281561692; DED399414026; GBBFY1300068; THHIT1228604; TCAFG2059840; USGN60901910; DELJ81606225; QMVRR1230267; USGN61000027; DEKL90900429; USGN61007789; QZNWY2068002; GBLGL0808316; DK5C50003166; DKTF71850020; JPR861320163; QZ6P91651776; USGN61004719; USGN61104036; DEMZ11900832; USGRX1110710; QMFMG1403380; QZDA52058661; NLF710600631; QMVRR1333185; USHM22223833; UKUZW2001498; DELJ81946139; QZ6P91619686; JPTO00701586; ITJ870804404; JPVI01430230; NLF710600632; NLF710601028; NLP762100263; NLHR51247949; NLHR51514813; NLG620428567; ES03S1904330; ES5531012166; NLHR51277349; GBMNA2002267; GBMNA2002521; GBMNA2002772; ATB059100040; ATB350400510; NLHR51484225; ES5531103677; GBMNA2003817; USHM91189632; USHM91046994; USHM91352132; NLG620529605; ATB059150021; ATN432111208; USK4W0733028; AUDD31601959; USKKS0700726; FR08F0200150; FIAYN2100002; FITH71700014; USA2P1603133; FR0W61866238; USK010503310; FR0W69966553; BEO891300423; FISMC0000124; FIKRM1800015; USA371501694; PLL431626541; USA371659373; AUZG00731886; GBQRF0835222; USA371660827; USA370526825; GBQ2F1001065; FR2X41708870; SGA311000593; FR6V80094799; USA561274079; USQWA1260863; USA560994659; USA561074735; USA561416745; SGA501112971; TCAAW1163792; SKB260503111; QZHN31944857; USPSU1243911; TCABE1256941; FR6V81776612; CACWV1931033; FR6V81843112; USQWA1260861; CAM460403260; FR96X1516373; CASD10701046; USPKS1100998; QM4TW1530938; USA561291493; USSM19700216; FRO061104130; USCGH0828978; USV351452693; FR6V80790810; GBAAA0100355; USCHR1323990; USCGH0828967; GBAJE0300270; QZK6M2081279; USV291379763; USDP20402891; USCGJ0932490; GB8KG1100556; DEDM61400441; DEA811000183; GBBFY0610548; DEEP81302197; DEBL60605130; QMFMF1472653; USE831538830; GBFQE1420682; DER411100381; GBKQU1028245; TWA459960810; QMVRR1438043; DEHB51100335; DEW181000337; GBCNQ0021821; ITC470700106; GBFQE1104632; QZ5CV1701164; JPQ701200097; USFB20637116; JPTE00819330; LVA100200232; USGN61103018; MXF580702161; NLAX60023236; USHM80658231; DET950800084; GBEFP0945706; DEZ651026814; JPQ332003448; JPQ709102003; DK5C50071632; NLHR52111336; ES17D2201629; NLHR51493679; ATB059150010; USHM91145276; GBMNA2002414; ES71G1832413; US89T0505628; US8K20912483; ES5631207313; US9VH1040578; EMIDD0310827; NZHM10300027; US9VH1030578; ESA031104229; US8K20962483; AUXN22035878; USA2P1945820; USA370362590; QZFZ22194448; USA371659412; USA371676089; BRB580900217; USMEG0800118; GBQRF1205828; USA560634555; USA371473499; USA561113472; BRPJ71903091; USPSU1114071; SGA311111558; CA5KR2096271; FR6V81530666; USLEC0409749; SGA310900600; FR6V81879678; FR77F7300750; GBULZ1001143; FR6V80696575; FR6V81735271; FR6V81553807; USSM18700216; USA561130914; USA561080582; CAM461053690; USCEJ1800701; QM6MZ1452946; QM4TW1530266; DEA812000388; CH1610131514; USBYT0400243; USBYT0400241; USSF18125119; SMRUS0033842; USSM19802787; QM6N21473005; TCAEU2001623; USDEI9003270; QM6N21704022; DEA629250800; GBAAA0300574; TCAEI1922901; GBBBN9002090; HKT251110705; GB8XC2105438; QMDA61881400; GBCHC0306486; USFKP0601204; TWA179000809; QMDA61836160; GBCBZ1209308; QMDA71346349; GBHLW1903677; GBKPL1668895; USFB20603914; DER371796317; GBCMJ9900620; USHM80568700; USFH81500044; DEH741646935; IL1021407990; QZ22B1806137; UKU6H1954685; DEKB71501049; USFZH0900740; USGN61109879; USGN61401175; DEKB71498943; DELJ81921168; QZ6P91667295; QMFMG1462827; QMFME1336749; NLAX60023231; USGN61210136; USHM81115898; DESN31306994; GBKQU1028246; QZ22B1888928; GBG7W1470563; USHM81986117; GBJSS0606757; DEYX82121137; USHM90890328; JPZ921205140; QZ6P91609555; JPN352005318; US4R30901536; USHM80819701; JPB600941812; GBPS81516011; NLG620438564; ES5531100636; ATB350400501; NLG620529615; ES7930208231; US6VQ1010607; ES5590600887; GBPS83880083; GBPS83883574; AUSM09900175; AUDD31500311; AUIS20700042; US8K20974449; USA2P1554577; USA2P1617981; US8K20912484; US8K20962484; FR0W61866213; FR0W69966601; USKO10503310; AUXN22035877; AUZG00935035; FR10S1721902; USA370383397; BET231852220; EUEDD0068672; FR0W61866188; AUXN22093798; FR0W61207011; FR0W69979041; AUXN21525886; USA371469301; USA560722372; GBRKQ2238091; USA561199665; USA561458246; SEWDL0407315; SGA311000479; SGA311112172; FR6V81553908; FR6V80476404; FR6F31178150; SEXHQ0300206; TCAAT1074545; USAKS0600597; CAM460404881; USRDG0510636; USQWA1260864; CAM460424553; GBVVQ1022145; USBYT0400240; USSM18800153; GBWUL2131919; QZHN92261421; TCADS1867840; QZHXT2032381; USUM71209198; QM6DC1872814; USSYS1118456; FR6V80565069; USSM20100711; USSM19916081; DEB649100035; FRX281559218; GB47D1100069; DEA410705310; USV291376045; DEC592001195; USX9P1424146; USV351443456; USFB20621733; DEHB51262230; USGN61108105; QMFMG1465699; USEE10184972; GBCMJ9900618; ZAZ661201385; GBCNQ0021820; DES401400021; USHM80997360; QZ22B1936034; USGN60903352; USG7D2230719; IELOI2276085; JMC711000156; QZ5CV1632829; JPSR08725680; JPSR09104040; GBFQE1107203; DEN951600310; NLA241800310; QMHNS1301545; QMVRR1534360; GBHFP0905716; QZNWX2141492; US2Y30708361; QZ6P91606295; JPES00200166; KRRAR1621363; NLAX70924097; JPN292000086; JPS341300031; QZAMM2006545; ES20I5018631; ES41C1400276; NLRD51439565; ES5530901477; ES5531437700; GBMNA2003245; ATB350400491; NLHR51127672; NLG620409683; USHM92250594; US89T0501628; US8K20918866; USHM91636200; ES5530909756; US8K20968866; ES5531103607; USK4W0719562; ES8260305809; USJ3V1054031; USA2P1478692; AUSM00100181; SE5BW1400417; AUXN22035879; USL4R0724718; USA2P2217099; FR0W61863356; FR0W69966529; FI6HK1900003; USK4W0711623; US9VH1050753; BET232052621; ES7931100060; BEZ510800062; AUZG00731883; USA371694006; USA370394648; USA560503928; USA371172236; USA560310527; USA371594171; GBQRF1111020; USA561131060; FR4GL1072167; USA561199664; USPSU1114953; FR59R2196086; FR6V81531127; FR6V81545475; FR6V81579674; FR6V81634906; USA560431063; FR6V82016936; FR6V80900500; QZGWX2129402; FR6V81774886; FR6V81533824; GBSMU4214267; CAHQJ1879901; USRDG0212793; CAM460425850; CAN119800161; QZHN72059936; USAQN0611109; USTC50834759; QM6MZ1779799; CAM461034991; GB3CM0900001; USCGJ1940784; GBXSL0802410; USVPR0511313; USCHR1386470; USCGH0752860; USDEI1235092; DEBL60636426; QM9AA1810060; DED330333420; USV291304783; DED830373202; DEB551523152; QMAT31522284; GBAWA0661603; TWB319611031; QMDA71314879; ZAC481802661; GBCMJ9907977; USG7D1910106; ITG271000231; DEN951600306; GBHFG1100961; GBHLW1800187; DEG410100324; USFB20621720; USFB20636646; QMVRR1231912; QMVRR1433443; UKUZW2001731; UKUZW2002235; USGN61103882; JPB609581755; DKAZA9901009; ITE910900835; US3L61591035; DEHB51272054; USHM20970981; USE831523835; NLA209600112; NLA309500355; USHM21197248; GBJSS1022016; QMVRR1441547; DELJ81518875; GBFQE1103886; USHM21016802; US2WU0900720; DEZ511300063; GBLS40100043; JMC711300429; US4R30617567; JPB600519101; JPZ921301360; MX2620476199; NLB611302181
MB5O6T,T3088271921,MYCELIUM (STEP BY STEP),MYCELIUM; STEP BY STEP,LVL152201408
RB1IQD,,RUNNING,RUNNING (PAUL THOMAS EXTENDED MIX),QZPQ72100072; QZPQ72100058; QZPQ72100056; QZPQ72100074
BVCDI9,,BREAKTHROUGH,BREAKTHROUGH - ORIGINAL MIX,DEHB41300013
G24479,T9068821090,GIVE IT UP,DARSE POR VENCIDO,US6R21372135; QZES71874191; DEAR41772518; USCGH1211204; USCGH1289096; GBBHN9200187; DEAR41769654; QZMWW2084079; USG2X0600019; DERN42100192; USLD91716500; USP6D1619210; USSM19912244; GBTMZ1700701; USCGH1984348; QM9AA1529523; GB8X81301885; DEMV91201534; GB8X81301998; QZMWW2084077; US7SF0951942; QZFYX1932870; USRC11000002; USA561077892; TCAEG1966624; USCGJ0884495; QZPLR2128960; QZNWT2092566; GBLFP1731548; QZHKX1900154; USUYG1002100; DERX41300158; USDY41918134; QZ3NU1639499; USKYW1125631; TCABK1220075; USAML1831102; USSM10004987; USSM10802550; GB4931600004; USCGH1647159; GBBLG7800018; DEG590600139; GBJAJ2000377; ITG201214341; QZFYX2178817; GBQRF1220900; GB4931200001; USUYG1000965; DERX41300240; USHM21833219; SE6HN2015614; TCABJ1204218; GBSMU6003830; USRE50300199; USSM10009733; QZJG51708970; DEMV91201549; US36T0403409; UK95T2000015; GBJAJ2000374; QZDA72140892; TCAEG1966623; USCJE0513615; QMWZB1910740; US4EM0442059; QZNWR2073223
JV7AQI,,JUST A MISUNDERSTANDING,JUST A MISUNDERSTANDING (DUB MIX); JUST A MISUNDERSTANDING (MAIN MIX),JMH991200011; JMH991200010
UA2QBE,T9287444104,UNDER THE SHEETS OF RIO V2,GMAEF2068_68 Under The Sheets Of Rio v2_NO_DRMS_1; Under The Sheets Of Rio v2_NO_DRMS_1; GMAEF2068_68; Under The Sheets Of Rio,
LA9ZQI,T9287420295,LOUNGING ON THE BEACH V11,GMAEF2077_52; GMAEF2077_52 Lounging On The Beach v11_UNDERSCORE_4; Lounging On The Beach v11_UNDERSCORE_4; Lounging On The Beach,
PVBJ47,,PIAO LIU XING QIU,DRIFTING PLANTS,
N29864,,NEELI CHIDIYE HO,DHAROHAR,
Z1167T,,SPARK PLUGG,06.PAC03099_SPARK_PLUGG; 06.PAC03099 SPARK PLUGG,
BV9UQG,T3149046828,BEBC_OFFBEATLOVESTORY_STINGER1D_120,BEBC_OFFBEATLOVESTORY,
P3127K,,PES MOU GIATI,MA SYMPONIE INACHEVEE,
A5303N,T9033808058,AVAZ AVAZ,PESIME TAKIL DIYE BEN MI SOYLEDIM,TR1670600622
D4191E,T0117036971,DROP DEAD GORGEOUS SERIES TWO - THEME,DROP DEAD GORGEOUS SERIES TWO,
PA2Y4D,T9262808195,PHASER HIT,PHASERHIT; SOUND DESIGN TRAILER TOOLS 5 CUT 58; MSJ-MSJ-0037-05801; MSJ-0037-58,UKDBG1800603
N7073M,T9109442413,NO. 1,NO 1,ROROT1104101
W67290,,WINDSTORM,WIND STORM,GBVVQ1028369; GBAYE7900588
C8695W,,CONSPIRACY STRIP CLUB,CONSPIRACY STRIP CLUB FEATURING PIERETTE ET GEORGES,FR9W11104918
PVCNNN,,PANDORA'S BOX,CENTRE POMPIDOU,QMFME1330427
BVATVS,,BRAZILIAN GROOVES,BRAZILIAN GROOVES (LISBOA REMIX),BRQT61000004; QZ5CV1736503; BRQT61000005
K1740Q,,KAVNA BANE BOLELE KOILIYA,MANN KARE HUM BAAGWA HO JAAI,GBCKG0501800
I19488,T0714971615,I SINGS,I SING; I SINGS,USI4R0806813; PHO010700116; USAF50900002; USSM19922332; USCGH1893651; TCADB1754039; TCAEP1901831; USA2P1388540; USSM10010955; USSM10015897; CACWV1769743; USWB10302603; GBLPF0020022; USSM10016166; USSM10016222; USETB1500377; GBEQT1300006; GB5L62008214; QZNMV2027975
SD9K2C,,SEE THE GIANT,GOLIATH,
HA3PQS,,HOME STING,HOMESTING; SCSO-0011-60; SCSO-SCSO-0011-06001; WARM FOLK SONGS CUT 60,
S8891G,T0371190907,SI NO NOS VEMOS,SOLOS Y JUNTOS,
MVCA18,T0724179503,MY LOVE IS A FLOWER,MY LOVE IS A FLOWER (JUST BEGINNING TO BLOOM),GBAJE7900404; DEW670601405
JV7SRN,,JENNYS BRIEF,REMEMBERRING,
FVAZOD,,FADO,AXS-AXW-4003-00201; AXW-4003-2; PORTUGAL E GUITARAS CUT 2,
Z1547O,,SWITCHED SCORE,BED 1 (SWITCHED CUE); SWITCHED MAIN TITLE; HOT HOUSE (SWITCHED CUE); SWITCHED END TITLE,
L3240P,,LOCKDOWN AND LOADED,LOCKDOWN; LOCK DOWN,GBBTF0700167; USASN0540714; USQY51240891
DA272K,T9202896068,DBM PYJ BURGA BOYZ V2,DBM1125 64,
LVAJQM,,LA DOBLE VIDA DE ESTELA CARRILLO,LA DOBLE VIDA DE ESTELA CARRILLO (CUES),
AC10NE,,ALIBI-IKKIUCHI_HOLIDAY MIX,ALIBI-IKKIUCHI HOLIDAY MIX; ALIBI - IKKIUCHI_HOLIDAY MIX; ALIBI IKKIUCHI_HOLIDAY MIX; ALIBI IKKIUCHI HOLIDAY MIX; IKKIUCHI HOLIDAY MIX; ALIBI - IKKIUCHI HOLIDAY MIX; IKKIUCHI_HOLIDAY MIX,
TD5ROU,T0713415485,TIMELESS,FOREVER CLASSIC,
IV7NQB,,IK PLUK EEN STER VOOR JOU,IK PLUK N STER VOOR JOU,NLD010500009; BEC462217868
M5859M,,MIL RAM PYARE,MEL LAIH DAYAL (VOL.8),INS180704503
SH9S46,T0020716066,SHIR ERES NEGBI,SOUTHERN LULLABY,
X8995F,,SIX REASONS WHY   (MAIN TITLE),SEIS RAZOES PARA MATAR (MAIN TITLE),
KF5HDW,T9098752148,KOMORNA SIMFONIJA,EINE KAMERSINFONIE FUR DAS ROSTTOCKER NONNET (FLAUTA; OBOA;,
CV9UZZ,T3064114945,CREDIBLE,WE ARE INCREDIBLE; THE WE AREN'T CREDIBLE; WE AREN'T CREDIBLE,
B7788J,,BURUU INFARENSU,BURUU INFARENSU 2; BLUE INFERENCE; BLUE INFERENCE 2,
AVAXTQ,T9123548618,A FARM TO MARKET ROMANCE,FARM TO MARKET ROMANCE,
SC7TMI,T9053263755,SALT SCORE,SHNAIDER BLOWS,
W7583A,,THE WOMAN IN RED,WOMAN IN RED,USMO10200525
PVCGMY,,PLEASURE ISLAND OL,KPM-KPM-0076-03901; PLEASURE ISLAND; PLEASUREISLANDOL; TURKEY AND GREECE CUT 39; PLEASUREISLAND; KPM-0076-39,GBBGL8900978
MVAYXV,T9293554902,MAN IN EUI YEON IN,?????,
VV7MR6,T9093105807,VALENTIN (VALENTINE),VALENTINE,USANG2043303; ITS582008935; USA2P1433680; DELM41504480; USA2P1874922; USHM20377258; ITS581806450; QM9A91648503
DVAN86,T3057884392,DO WHAT U WANT,DO WHAT YOU WANT,
M5890I,,MEHAK JALA DEHIYA,LAGAL HAI PYAR KE BOKHAR; HUMAR BIHAE TOHARE SE HOIE,
O26732,,OM JAI KALADHARI HARE,AARTIYAAN,INL239010006; INS180484613
H2044Q,T7000230786,HOT BANANA,HOT BANANA,US6R21347272; USA371401960; FR6V81297731; UK8D41414128; GBGNB9641406; GBJUT1302017; GBJUT0800649; GBBHN0300007; GBGNB9541012; GBLGL1070953
GE24UF,T3015353427,GONDERMEYIN ELE BENI,ELE BENI; YUVASIZ BIR KUSA DONDUM,QMDA62235169; TR1250801159
L5607W,T0701023962,THE LONELY ONES,LOS SOLITARIOS,USRE10601459; USRE19600087; USRE19902583; USWB19902583
EV8SWE,,ERAVIL VIRIYUM POOPOLE (KARAOKE),ERAVIL VIRIYUM POOPOLE KARAOKE,
MVA0U3,T3058055855,ME AND DAN AND THE SPOON MAN,ME & DAN & THE SPOON MAN,USHM20471470; QMPVZ1700403; USHM20471449
VB0K5R,T0399417389,VAI QUE COLA,VAI QUE COLA,
DA115U,,DORA BEAT,SELLP-9056-2; DORABEATA; SELLP-9056-1; SEL-SELLP-9056-00201; CUTS & MEDIA MUSIC III CUT 2; CUTS & MEDIA MUSIC III CUT 1; DORABEATB; SEL-SELLP-9056-00101; DORA BEAT (B); DORA BEAT (A),
MV9XOO,T3060491187,MILLER3434_RAFTER4_REV2,POOL,
AA0JMD,T9134551307,ART OF THE STATE,ART OF THE STATE: BY LOVE INVIOLATE,
CV9NOX,,CLIMB,THE CLIMB,
DB0YEY,,DANCING WITH MY AK,DANCING WITH MY AK,TCADQ1847817
SV99NS,,SUNSHINE GIRL,HAPPY GIRL,US8JA1502002; USHM22057747
AC14EV,,ALIBI-ON CUE_LOOP_OUTRO 2_STEM DRUMS,ON CUE LOOP OUTRO 2 STEM DRUMS; ALIBI-ON CUE LOOP OUTRO 2 STEM DRUMS; ALIBI ON CUE LOOP OUTRO 2 STEM DRUMS; ALIBI - ON CUE_LOOP_OUTRO 2_STEM DRUMS; ON CUE_LOOP_OUTRO 2_STEM DRUMS; ALIBI ON CUE_LOOP_OUTRO 2_STEM DRUMS; ALIBI - ON CUE LOOP OUTRO 2 STEM DRUMS,
PV7DOZ,,PIZZICATO MEDIUM A,BYND-PIZZICATO MEDIUM A,
SD745Y,T9027459445,SCHERZO CONCERTANTE(1966),SCHERZO,JPF691500365; JPF690600226
BA4ME2,T9230684103,BRIGHTEST SUN,BRIGHTEST SUN INSTRUMENTAL,
RA5ZMW,T3005234486,RELAXING SEQUENCE,CURRENT AFFAIRS - POSITIVE SEQUENCES CUT 37; KOS-KOM-2111-03901; CURRENT AFFAIRS - POSITIVE SEQUENCES CUT 39; KOM-2111-38; KOS-KOM-2111-04001; KOS-KOM-2111-03701; KOM-2111-37; KOM-2111-39; CURRENT AFFAIRS - POSITIVE SEQUENCES CUT 38; RELAXINGSEQUENCE; CURRENT AFFAIRS - POSITIVE SEQUENCES CUT 40; KOM-2111-40; KOS-KOM-2111-03801,FR8E42041037
L5136S,T0114186876,LYING TO ME,SLIME BALL (LYING TO ME); SLIME BALL LYING TO ME,
D5002E,,DON'T CRY AGAIN,DOT'T CRY AGAIN,
L54778,T9023753539,LONG INNEVITABLE RISE,LONG INEVITABLE RISE,
H2413E,T0006146662,HOOD BUZZIN',HOOD BUZZING,USAT20704147
EA82AZ,T9287095038,ENDERS GAME,ENDERS GAME,QMKSC1800205
X8133R,T0023938626,WU HUN ZAI XIAN,SUO XIANG WU DI; DANCE SOUL RETURNS,TWEM31211001; TWA471306011
TVFMNL,,TELEVISION SUCKS ME IN,TELEVISIONSUCKSMEIN; MYR-0004-22; PLASTIC HEROES - ESCAPE THE LOWER END CUT 4; MYMA-MYR-0004-02101; MYR-0004-21; MYMA-MYR-0004-02201; MYR-0004-4; PLASTIC HEROES - ESCAPE THE LOWER END CUT 21; MYMA-MYR-0004-00401; PLASTIC HEROES - ESCAPE THE LOWER END CUT 22,